{
  "__type__": "cc.JsonAsset",
  "_name": "guanka68",
  "_objFlags": 0,
  "_native": "",
  "json": [
    {
      "position": {
        "x": 60,
        "y": 90.15997314453125
      },
      "point": [
        {
          "x": 27.56404876708984,
          "y": 9.908084036020139
        },
        {
          "x": 55.12809753417968,
          "y": 18.376168072040276
        },
        {
          "x": 82.69214630126952,
          "y": 25.404252108060412
        },
        {
          "x": 110.25619506835936,
          "y": 30.99233614408055
        },
        {
          "x": 137.8202438354492,
          "y": 35.14042018010069
        },
        {
          "x": 165.38429260253903,
          "y": 37.84850421612083
        },
        {
          "x": 192.94834136962888,
          "y": 39.11658825214097
        },
        {
          "x": 220.51239013671872,
          "y": 38.9446722881611
        },
        {
          "x": 248.07643890380857,
          "y": 37.33275632418124
        },
        {
          "x": 275.6404876708984,
          "y": 34.28084036020138
        },
        {
          "x": 303.2045364379882,
          "y": 29.788924396221518
        },
        {
          "x": 330.76858520507807,
          "y": 23.857008432241656
        },
        {
          "x": 358.3326339721679,
          "y": 16.485092468261794
        },
        {
          "x": 385.89668273925776,
          "y": 7.673176504281933
        },
        {
          "x": 413.4607315063476,
          "y": -2.5787394596979283
        },
        {
          "x": 441.02478027343744,
          "y": -14.27065542367779
        },
        {
          "x": 468.5888290405273,
          "y": -27.40257138765765
        },
        {
          "x": 496.15287780761713,
          "y": -41.97448735163751
        },
        {
          "x": 523.7169265747069,
          "y": -57.986403315617395
        }
      ]
    }
  ]
}