{
  "__type__": "cc.TiledMapAsset",
  "_name": "guan58",
  "_objFlags": 0,
  "_native": "",
  "tmxXmlStr": "<?xml version=\"1.0\" encoding=\"UTF-8\"?>\r\n<map version=\"1.0\" tiledversion=\"1.1.3\" orientation=\"orthogonal\" renderorder=\"right-down\" width=\"80\" height=\"40\" tilewidth=\"20\" tileheight=\"20\" infinite=\"0\" nextobjectid=\"254\">\r\n <objectgroup name=\"duixiang\">\r\n  <object id=\"128\" name=\"hero\" x=\"60\" y=\"680\" width=\"60\" height=\"60\"/>\r\n  <object id=\"135\" name=\"map\" type=\"2\" x=\"100\" y=\"20\">\r\n   <properties>\r\n    <property name=\"caidan\" type=\"bool\" value=\"false\"/>\r\n    <property name=\"step1\" type=\"int\" value=\"12\"/>\r\n    <property name=\"step2\" type=\"int\" value=\"7\"/>\r\n    <property name=\"step3\" type=\"int\" value=\"5\"/>\r\n   </properties>\r\n  </object>\r\n  <object id=\"210\" name=\"floor\" x=\"0\" y=\"740\" width=\"780\" height=\"60\"/>\r\n  <object id=\"238\" name=\"floor\" x=\"400\" y=\"360\" width=\"620\" height=\"60\"/>\r\n  <object id=\"243\" name=\"floor\" x=\"1340\" y=\"100\" width=\"200\" height=\"60\"/>\r\n  <object id=\"246\" name=\"star\" x=\"1340\" y=\"40\" width=\"60\" height=\"60\"/>\r\n  <object id=\"250\" name=\"objdy\" x=\"680\" y=\"200\">\r\n   <polygon points=\"0,0 -20,-40 -60,-40 -80,-20 -60,140\"/>\r\n  </object>\r\n  <object id=\"251\" name=\"objdy\" x=\"660\" y=\"740\">\r\n   <polygon points=\"0,0 -220,-140 -260,-140 -280,-100 -280,-60\"/>\r\n  </object>\r\n  <object id=\"253\" name=\"juqing\" type=\"juqing\" x=\"1340\" y=\"20\" width=\"80\" height=\"80\">\r\n   <properties>\r\n    <property name=\"tiaojian\" value=\"{&quot;time&quot;:0.6}\"/>\r\n    <property name=\"type\" value=\"[{&quot;time&quot;:3,&quot;timescale&quot;:0.1,&quot;moshi&quot;:1,&quot;scale&quot;:2,&quot;mubiao&quot;:1,&quot;anim1&quot;:0,&quot;anim2&quot;:0}, {&quot;time&quot;:2.4,&quot;timescale&quot;:0.15,&quot;moshi&quot;:1,&quot;scale&quot;:1.2,&quot;mubiao&quot;:0,&quot;anim1&quot;:1,&quot;anim2&quot;:1}]\"/>\r\n    <property name=\"yinyue\" value=\"manmanxihuanni\"/>\r\n   </properties>\r\n  </object>\r\n </objectgroup>\r\n</map>\r\n",
  "textures": [],
  "textureNames": [],
  "tsxFiles": [],
  "tsxFileNames": []
}