{
  "__type__": "cc.JsonAsset",
  "_name": "guanka100",
  "_objFlags": 0,
  "_native": "",
  "json": [
    {
      "position": {
        "x": 745.9006958007812,
        "y": 70.15997314453125
      },
      "point": [
        {
          "x": 4.518091821406759,
          "y": 28.937829426533177
        },
        {
          "x": 9.036183642813517,
          "y": 56.43565885306636
        },
        {
          "x": 13.554275464220275,
          "y": 82.49348827959955
        },
        {
          "x": 18.072367285627035,
          "y": 107.11131770613271
        },
        {
          "x": 22.590459107033794,
          "y": 130.2891471326659
        },
        {
          "x": 27.10855092844055,
          "y": 152.02697655919908
        },
        {
          "x": 31.62664274984731,
          "y": 172.32480598573224
        },
        {
          "x": 36.14473457125407,
          "y": 191.18263541226543
        },
        {
          "x": 40.662826392660826,
          "y": 208.60046483879862
        },
        {
          "x": 45.18091821406759,
          "y": 224.57829426533178
        },
        {
          "x": 49.699010035474345,
          "y": 239.11612369186497
        },
        {
          "x": 54.2171018568811,
          "y": 252.21395311839814
        },
        {
          "x": 58.735193678287864,
          "y": 263.87178254493136
        },
        {
          "x": 63.25328549969462,
          "y": 274.0896119714645
        },
        {
          "x": 67.77137732110138,
          "y": 282.8674413979977
        },
        {
          "x": 72.28946914250814,
          "y": 290.2052708245309
        },
        {
          "x": 76.8075609639149,
          "y": 296.103100251064
        },
        {
          "x": 81.32565278532165,
          "y": 300.56092967759724
        },
        {
          "x": 85.84374460672842,
          "y": 303.57875910413037
        }
      ]
    }
  ]
}