{
  "__type__": "cc.JsonAsset",
  "_name": "guanka49",
  "_objFlags": 0,
  "_native": "",
  "json": [
    {
      "position": {
        "x": 100,
        "y": 130.1597442626953
      },
      "point": [
        {
          "x": 29.18013718557938,
          "y": 6.245600751605518
        },
        {
          "x": 58.36027437115876,
          "y": 11.051201503211036
        },
        {
          "x": 87.54041155673814,
          "y": 14.416802254816556
        },
        {
          "x": 116.72054874231752,
          "y": 16.342403006422074
        },
        {
          "x": 145.9006859278969,
          "y": 16.82800375802759
        },
        {
          "x": 175.08082311347627,
          "y": 15.87360450963311
        },
        {
          "x": 204.26096029905565,
          "y": 13.479205261238628
        },
        {
          "x": 233.44109748463504,
          "y": 9.644806012844146
        },
        {
          "x": 262.6212346702144,
          "y": 4.3704067644496645
        },
        {
          "x": 291.8013718557938,
          "y": -2.3439924839448167
        },
        {
          "x": 320.98150904137316,
          "y": -10.498391732339298
        },
        {
          "x": 350.16164622695254,
          "y": -20.09279098073378
        },
        {
          "x": 379.3417834125319,
          "y": -31.127190229128257
        },
        {
          "x": 408.5219205981113,
          "y": -43.601589477522744
        },
        {
          "x": 437.7020577836907,
          "y": -57.51598872591722
        },
        {
          "x": 466.8821949692701,
          "y": -72.8703879743117
        },
        {
          "x": 496.06233215484946,
          "y": -89.6647872227062
        },
        {
          "x": 525.2424693404288,
          "y": -107.89918647110066
        },
        {
          "x": 554.4226065260082,
          "y": -127.57358571949514
        }
      ]
    },
    {
      "position": {
        "x": 577.2685546875,
        "y": 130.15997314453125
      },
      "point": [
        {
          "x": 28.974439107804162,
          "y": 7.057009604478371
        },
        {
          "x": 57.948878215608325,
          "y": 12.674019208956743
        },
        {
          "x": 86.92331732341249,
          "y": 16.851028813435114
        },
        {
          "x": 115.89775643121665,
          "y": 19.588038417913488
        },
        {
          "x": 144.87219553902082,
          "y": 20.885048022391857
        },
        {
          "x": 173.84663464682498,
          "y": 20.742057626870228
        },
        {
          "x": 202.82107375462914,
          "y": 19.1590672313486
        },
        {
          "x": 231.7955128624333,
          "y": 16.136076835826973
        },
        {
          "x": 260.76995197023746,
          "y": 11.673086440305347
        },
        {
          "x": 289.74439107804164,
          "y": 5.770096044783719
        },
        {
          "x": 318.7188301858458,
          "y": -1.572894350737909
        },
        {
          "x": 347.69326929364996,
          "y": -10.355884746259537
        },
        {
          "x": 376.6677084014541,
          "y": -20.578875141781165
        },
        {
          "x": 405.6421475092583,
          "y": -32.24186553730279
        },
        {
          "x": 434.6165866170624,
          "y": -45.344855932824416
        },
        {
          "x": 463.5910257248666,
          "y": -59.88784632834605
        },
        {
          "x": 492.5654648326708,
          "y": -75.87083672386767
        },
        {
          "x": 521.5399039404749,
          "y": -93.29382711938929
        },
        {
          "x": 550.5143430482791,
          "y": -112.15681751491091
        }
      ]
    },
    {
      "position": {
        "x": 1068.7545166015625,
        "y": 130.15997314453125
      },
      "point": [
        {
          "x": 0,
          "y": -0.72
        },
        {
          "x": 0,
          "y": -2.88
        },
        {
          "x": 0,
          "y": -6.48
        },
        {
          "x": 0,
          "y": -11.52
        },
        {
          "x": 0,
          "y": -18
        },
        {
          "x": 0,
          "y": -25.92
        },
        {
          "x": 0,
          "y": -35.28
        },
        {
          "x": 0,
          "y": -46.08
        },
        {
          "x": 0,
          "y": -58.31999999999999
        },
        {
          "x": 0,
          "y": -72
        },
        {
          "x": 0,
          "y": -87.12
        },
        {
          "x": 0,
          "y": -103.68
        },
        {
          "x": 0,
          "y": -121.67999999999999
        },
        {
          "x": 0,
          "y": -141.12
        },
        {
          "x": 0,
          "y": -161.99999999999997
        },
        {
          "x": 0,
          "y": -184.32
        },
        {
          "x": 0,
          "y": -208.08
        },
        {
          "x": 0,
          "y": -233.27999999999997
        },
        {
          "x": 0,
          "y": -259.92
        }
      ]
    }
  ]
}