{
  "__type__": "cc.JsonAsset",
  "_name": "guanka64",
  "_objFlags": 0,
  "_native": "",
  "json": [
    {
      "position": {
        "x": 60,
        "y": 90.15997314453125
      },
      "point": [
        {
          "x": 12.92749551626353,
          "y": 12.87844696827423
        },
        {
          "x": 25.85499103252706,
          "y": 24.316893936548464
        },
        {
          "x": 38.78248654879059,
          "y": 34.31534090482269
        },
        {
          "x": 51.70998206505412,
          "y": 42.87378787309693
        },
        {
          "x": 64.63747758131765,
          "y": 49.99223484137116
        },
        {
          "x": 77.56497309758117,
          "y": 55.67068180964539
        },
        {
          "x": 90.49246861384471,
          "y": 59.909128777919626
        },
        {
          "x": 103.41996413010824,
          "y": 62.707575746193854
        },
        {
          "x": 116.34745964637177,
          "y": 64.06602271446809
        },
        {
          "x": 129.2749551626353,
          "y": 63.98446968274232
        },
        {
          "x": 142.20245067889883,
          "y": 62.46291665101655
        },
        {
          "x": 155.12994619516235,
          "y": 59.501363619290785
        },
        {
          "x": 168.0574417114259,
          "y": 55.09981058756502
        },
        {
          "x": 180.98493722768941,
          "y": 49.25825755583924
        },
        {
          "x": 193.91243274395296,
          "y": 41.97670452411348
        },
        {
          "x": 206.83992826021648,
          "y": 33.25515149238771
        },
        {
          "x": 219.76742377648,
          "y": 23.093598460661944
        },
        {
          "x": 232.69491929274355,
          "y": 11.492045428936178
        },
        {
          "x": 245.62241480900707,
          "y": -1.5495076027895907
        }
      ]
    },
    {
      "position": {
        "x": 297.4532470703125,
        "y": 90.15997314453125
      },
      "point": [
        {
          "x": 7.483111350012874,
          "y": 28.3317304910277
        },
        {
          "x": 14.966222700025748,
          "y": 55.22346098205539
        },
        {
          "x": 22.449334050038622,
          "y": 80.67519147308309
        },
        {
          "x": 29.932445400051495,
          "y": 104.6869219641108
        },
        {
          "x": 37.41555675006437,
          "y": 127.25865245513847
        },
        {
          "x": 44.898668100077245,
          "y": 148.3903829461662
        },
        {
          "x": 52.381779450090114,
          "y": 168.0821134371939
        },
        {
          "x": 59.86489080010299,
          "y": 186.33384392822157
        },
        {
          "x": 67.34800215011586,
          "y": 203.14557441924927
        },
        {
          "x": 74.83111350012874,
          "y": 218.51730491027698
        },
        {
          "x": 82.31422485014161,
          "y": 232.44903540130466
        },
        {
          "x": 89.79733620015449,
          "y": 244.94076589233237
        },
        {
          "x": 97.28044755016737,
          "y": 255.99249638336008
        },
        {
          "x": 104.76355890018023,
          "y": 265.60422687438773
        },
        {
          "x": 112.2466702501931,
          "y": 273.7759573654155
        },
        {
          "x": 119.72978160020598,
          "y": 280.50768785644317
        },
        {
          "x": 127.21289295021886,
          "y": 285.79941834747086
        },
        {
          "x": 134.69600430023172,
          "y": 289.65114883849856
        },
        {
          "x": 142.1791156502446,
          "y": 292.06287932952625
        }
      ]
    },
    {
      "position": {
        "x": 595.30712890625,
        "y": 90.15963745117188
      },
      "point": [
        {
          "x": 8.7520990616236,
          "y": 9.9466760566907
        },
        {
          "x": 17.5041981232472,
          "y": 18.453352113381403
        },
        {
          "x": 26.2562971848708,
          "y": 25.520028170072102
        },
        {
          "x": 35.0083962464944,
          "y": 31.146704226762804
        },
        {
          "x": 43.760495308117996,
          "y": 35.3333802834535
        },
        {
          "x": 52.5125943697416,
          "y": 38.0800563401442
        },
        {
          "x": 61.2646934313652,
          "y": 39.38673239683491
        },
        {
          "x": 70.0167924929888,
          "y": 39.25340845352561
        },
        {
          "x": 78.7688915546124,
          "y": 37.680084510216304
        },
        {
          "x": 87.52099061623599,
          "y": 34.66676056690701
        },
        {
          "x": 96.2730896778596,
          "y": 30.21343662359771
        },
        {
          "x": 105.0251887394832,
          "y": 24.32011268028841
        },
        {
          "x": 113.7772878011068,
          "y": 16.98678873697911
        },
        {
          "x": 122.5293868627304,
          "y": 8.213464793669814
        },
        {
          "x": 131.281485924354,
          "y": -1.999859149639485
        },
        {
          "x": 140.0335849859776,
          "y": -13.653183092948783
        },
        {
          "x": 148.7856840476012,
          "y": -26.74650703625808
        },
        {
          "x": 157.5377831092248,
          "y": -41.279830979567386
        },
        {
          "x": 166.2898821708484,
          "y": -57.253154922876675
        }
      ]
    },
    {
      "position": {
        "x": 720.33984375,
        "y": 90.15997314453125
      },
      "point": [
        {
          "x": 14.027744508439435,
          "y": 25.798340521343846
        },
        {
          "x": 28.05548901687887,
          "y": 50.156681042687694
        },
        {
          "x": 42.083233525318306,
          "y": 73.07502156403154
        },
        {
          "x": 56.11097803375774,
          "y": 94.55336208537538
        },
        {
          "x": 70.13872254219717,
          "y": 114.59170260671924
        },
        {
          "x": 84.16646705063661,
          "y": 133.19004312806308
        },
        {
          "x": 98.19421155907604,
          "y": 150.3483836494069
        },
        {
          "x": 112.22195606751548,
          "y": 166.06672417075077
        },
        {
          "x": 126.24970057595492,
          "y": 180.34506469209464
        },
        {
          "x": 140.27744508439434,
          "y": 193.1834052134385
        },
        {
          "x": 154.30518959283378,
          "y": 204.58174573478232
        },
        {
          "x": 168.33293410127322,
          "y": 214.5400862561262
        },
        {
          "x": 182.36067860971266,
          "y": 223.05842677747003
        },
        {
          "x": 196.38842311815208,
          "y": 230.13676729881385
        },
        {
          "x": 210.41616762659152,
          "y": 235.7751078201577
        },
        {
          "x": 224.44391213503096,
          "y": 239.97344834150155
        },
        {
          "x": 238.4716566434704,
          "y": 242.7317888628454
        },
        {
          "x": 252.49940115190984,
          "y": 244.05012938418926
        },
        {
          "x": 266.5271456603493,
          "y": 243.9284699055331
        }
      ]
    },
    {
      "position": {
        "x": 1229.3502197265625,
        "y": 90.15970611572266
      },
      "point": [
        {
          "x": 29.836868418521977,
          "y": 2.4043051988890882
        },
        {
          "x": 59.673736837043954,
          "y": 3.3686103977781765
        },
        {
          "x": 89.51060525556593,
          "y": 2.892915596667265
        },
        {
          "x": 119.34747367408791,
          "y": 0.9772207955563533
        },
        {
          "x": 149.18434209260988,
          "y": -2.3784740055545583
        },
        {
          "x": 179.02121051113187,
          "y": -7.17416880666547
        },
        {
          "x": 208.85807892965383,
          "y": -13.409863607776382
        },
        {
          "x": 238.69494734817582,
          "y": -21.085558408887294
        },
        {
          "x": 268.5318157666978,
          "y": -30.201253209998207
        },
        {
          "x": 298.36868418521976,
          "y": -40.756948011109124
        },
        {
          "x": 328.20555260374175,
          "y": -52.75264281222003
        },
        {
          "x": 358.04242102226374,
          "y": -66.18833761333096
        },
        {
          "x": 387.8792894407857,
          "y": -81.06403241444185
        },
        {
          "x": 417.71615785930766,
          "y": -97.37972721555278
        },
        {
          "x": 447.55302627782964,
          "y": -115.13542201666368
        },
        {
          "x": 477.38989469635163,
          "y": -134.33111681777459
        },
        {
          "x": 507.2267631148736,
          "y": -154.96681161888552
        },
        {
          "x": 537.0636315333956,
          "y": -177.04250641999644
        },
        {
          "x": 566.9004999519176,
          "y": -200.5582012211073
        }
      ]
    }
  ]
}