{
  "__type__": "cc.TiledMapAsset",
  "_name": "guan6",
  "_objFlags": 0,
  "_native": "",
  "tmxXmlStr": "<?xml version=\"1.0\" encoding=\"UTF-8\"?>\r\n<map version=\"1.0\" tiledversion=\"1.1.3\" orientation=\"orthogonal\" renderorder=\"right-down\" width=\"90\" height=\"40\" tilewidth=\"20\" tileheight=\"20\" infinite=\"0\" nextobjectid=\"160\">\r\n <objectgroup name=\"duixiang\">\r\n  <object id=\"128\" name=\"hero\" x=\"200\" y=\"520\" width=\"60\" height=\"60\"/>\r\n  <object id=\"129\" name=\"star\" x=\"1700\" y=\"260\" width=\"60\" height=\"60\"/>\r\n  <object id=\"135\" name=\"map\" type=\"2\" x=\"220\" y=\"220\">\r\n   <properties>\r\n    <property name=\"caidan\" type=\"bool\" value=\"false\"/>\r\n    <property name=\"help\" type=\"bool\" value=\"true\"/>\r\n    <property name=\"step1\" type=\"int\" value=\"8\"/>\r\n    <property name=\"step2\" type=\"int\" value=\"5\"/>\r\n    <property name=\"step3\" type=\"int\" value=\"5\"/>\r\n   </properties>\r\n  </object>\r\n  <object id=\"151\" name=\"objst\" x=\"0\" y=\"580\">\r\n   <polygon points=\"0,0 520,0 520,200 585,200 585,0 880,0 880,220 0,220\"/>\r\n  </object>\r\n  <object id=\"156\" name=\"floordy\" x=\"640\" y=\"420\" width=\"160\" height=\"160\"/>\r\n  <object id=\"158\" name=\"objst\" x=\"980\" y=\"800\">\r\n   <polygon points=\"0,0 0,-80 260,-480 800,-480 800,0\"/>\r\n  </object>\r\n  <object id=\"159\" name=\"juqing\" type=\"juqing\" x=\"1680\" y=\"240\" width=\"100\" height=\"80\">\r\n   <properties>\r\n    <property name=\"tiaojian\" value=\"{&quot;time&quot;:0.6}\"/>\r\n    <property name=\"type\" value=\"[{&quot;time&quot;:3,&quot;timescale&quot;:0.1,&quot;moshi&quot;:1,&quot;scale&quot;:2,&quot;mubiao&quot;:0,&quot;anim1&quot;:1,&quot;anim2&quot;:0}, {&quot;time&quot;:4,&quot;timescale&quot;:0.06,&quot;moshi&quot;:0,&quot;scale&quot;:2,&quot;mubiao&quot;:0,&quot;anim1&quot;:1,&quot;anim2&quot;:1}]\"/>\r\n    <property name=\"yinyue\" value=\"ganghaoyujianni\"/>\r\n   </properties>\r\n  </object>\r\n </objectgroup>\r\n</map>\r\n",
  "textures": [],
  "textureNames": [],
  "tsxFiles": [],
  "tsxFileNames": []
}