{
  "__type__": "cc.TiledMapAsset",
  "_name": "guan102",
  "_objFlags": 0,
  "_native": "",
  "tmxXmlStr": "<?xml version=\"1.0\" encoding=\"UTF-8\"?>\r\n<map version=\"1.0\" tiledversion=\"1.1.3\" orientation=\"orthogonal\" renderorder=\"right-down\" width=\"80\" height=\"40\" tilewidth=\"20\" tileheight=\"20\" infinite=\"0\" nextobjectid=\"281\">\r\n <objectgroup name=\"duixiang\">\r\n  <object id=\"128\" name=\"hero\" x=\"340\" y=\"640\" width=\"60\" height=\"60\"/>\r\n  <object id=\"129\" name=\"star\" x=\"1300\" y=\"80\" width=\"60\" height=\"60\"/>\r\n  <object id=\"135\" name=\"map\" type=\"2\" x=\"420\" y=\"40\">\r\n   <properties>\r\n    <property name=\"caidan\" type=\"bool\" value=\"false\"/>\r\n    <property name=\"help\" type=\"bool\" value=\"false\"/>\r\n    <property name=\"step1\" type=\"int\" value=\"5\"/>\r\n    <property name=\"step2\" type=\"int\" value=\"5\"/>\r\n    <property name=\"step3\" type=\"int\" value=\"5\"/>\r\n   </properties>\r\n  </object>\r\n  <object id=\"274\" name=\"floor\" x=\"0\" y=\"700\" width=\"400\" height=\"100\"/>\r\n  <object id=\"275\" name=\"tanlizhangai\" x=\"520\" y=\"700\" width=\"140\" height=\"100\"/>\r\n  <object id=\"276\" name=\"floor\" x=\"1140\" y=\"700\" width=\"460\" height=\"100\"/>\r\n  <object id=\"277\" name=\"chuan\" x=\"1260\" y=\"140\" width=\"160\" height=\"20\"/>\r\n  <object id=\"279\" name=\"floor\" type=\"1\" x=\"1360\" y=\"440\" width=\"240\" height=\"20\">\r\n   <properties>\r\n    <property name=\"x1\" type=\"int\" value=\"-300\"/>\r\n    <property name=\"y1\" type=\"int\" value=\"0\"/>\r\n   </properties>\r\n  </object>\r\n  <object id=\"280\" name=\"jian\" x=\"1320\" y=\"340\" width=\"20\" height=\"100\"/>\r\n </objectgroup>\r\n</map>\r\n",
  "textures": [],
  "textureNames": [],
  "tsxFiles": [],
  "tsxFileNames": []
}