{
  "__type__": "cc.TiledMapAsset",
  "_name": "guan72",
  "_objFlags": 0,
  "_native": "",
  "tmxXmlStr": "<?xml version=\"1.0\" encoding=\"UTF-8\"?>\r\n<map version=\"1.0\" tiledversion=\"1.1.3\" orientation=\"orthogonal\" renderorder=\"right-down\" width=\"120\" height=\"80\" tilewidth=\"20\" tileheight=\"20\" infinite=\"0\" nextobjectid=\"228\">\r\n <objectgroup name=\"duixiang\">\r\n  <object id=\"128\" name=\"hero\" x=\"260\" y=\"420\" width=\"60\" height=\"60\"/>\r\n  <object id=\"129\" name=\"star\" x=\"2000\" y=\"420\" width=\"60\" height=\"60\"/>\r\n  <object id=\"135\" name=\"map\" type=\"2\" x=\"160\" y=\"60\">\r\n   <properties>\r\n    <property name=\"caidan\" type=\"bool\" value=\"false\"/>\r\n    <property name=\"step1\" type=\"int\" value=\"8\"/>\r\n    <property name=\"step2\" type=\"int\" value=\"6\"/>\r\n    <property name=\"step3\" type=\"int\" value=\"5\"/>\r\n   </properties>\r\n  </object>\r\n  <object id=\"200\" name=\"caidan\" x=\"1880\" y=\"900\" width=\"60\" height=\"80\"/>\r\n  <object id=\"201\" name=\"floor\" x=\"580\" y=\"500\" width=\"1240\" height=\"20\"/>\r\n  <object id=\"202\" name=\"floor\" x=\"0\" y=\"480\" width=\"320\" height=\"40\"/>\r\n  <object id=\"210\" name=\"objdy\" x=\"540\" y=\"1380\">\r\n   <polygon points=\"0,0 0,60 220,100 220,-40\"/>\r\n  </object>\r\n  <object id=\"214\" name=\"objst\" x=\"780\" y=\"1600\">\r\n   <polygon points=\"0,0 0,-120 100,-120 110,-130 120,-120 760,-120 760,-620 1440,-620 1440,0\"/>\r\n  </object>\r\n  <object id=\"217\" name=\"zhan\" x=\"540\" y=\"960\" width=\"140\" height=\"120\"/>\r\n  <object id=\"219\" name=\"objst\" x=\"780\" y=\"1600\">\r\n   <polygon points=\"0,0 0,-120 -480,-120 -480,-380 -780,-380 -780,0\"/>\r\n  </object>\r\n  <object id=\"220\" name=\"jian\" x=\"580\" y=\"480\" width=\"1240\" height=\"20\"/>\r\n  <object id=\"221\" name=\"zhan\" x=\"760\" y=\"280\" width=\"100\" height=\"100\" rotation=\"-302.762\"/>\r\n  <object id=\"222\" name=\"zhan\" x=\"1200\" y=\"280\" width=\"100\" height=\"100\" rotation=\"-305.419\"/>\r\n  <object id=\"223\" name=\"zhan\" x=\"1700\" y=\"280\" width=\"100\" height=\"100\" rotation=\"-312.403\"/>\r\n  <object id=\"224\" name=\"chuan\" x=\"1820\" y=\"500\" width=\"580\" height=\"20\"/>\r\n  <object id=\"225\" name=\"chuan\" x=\"1820\" y=\"720\" width=\"580\" height=\"20\"/>\r\n  <object id=\"227\" name=\"juqing\" type=\"juqing\" x=\"28\" y=\"90\" width=\"100\" height=\"80\">\r\n   <properties>\r\n    <property name=\"tiaojian\" value=\"{&quot;getcaidan&quot;:true}\"/>\r\n    <property name=\"type\" value=\"[{&quot;time&quot;:3,&quot;timescale&quot;:1,&quot;moshi&quot;:0,&quot;scale&quot;:1,&quot;mubiao&quot;:0,&quot;anim1&quot;:0,&quot;anim2&quot;:0}]\"/>\r\n    <property name=\"yinyue\" value=\"qilongzhu\"/>\r\n   </properties>\r\n  </object>\r\n </objectgroup>\r\n</map>\r\n",
  "textures": [],
  "textureNames": [],
  "tsxFiles": [],
  "tsxFileNames": []
}