{
  "__type__": "cc.TiledMapAsset",
  "_name": "guan44",
  "_objFlags": 0,
  "_native": "",
  "tmxXmlStr": "<?xml version=\"1.0\" encoding=\"UTF-8\"?>\r\n<map version=\"1.0\" tiledversion=\"1.1.3\" orientation=\"orthogonal\" renderorder=\"right-down\" width=\"80\" height=\"40\" tilewidth=\"20\" tileheight=\"20\" infinite=\"0\" nextobjectid=\"221\">\r\n <objectgroup name=\"duixiang\">\r\n  <object id=\"128\" name=\"hero\" x=\"280\" y=\"640\" width=\"60\" height=\"60\"/>\r\n  <object id=\"129\" name=\"star\" x=\"1300\" y=\"20\" width=\"60\" height=\"60\"/>\r\n  <object id=\"135\" name=\"map\" type=\"2\" x=\"420\" y=\"40\">\r\n   <properties>\r\n    <property name=\"caidan\" type=\"bool\" value=\"false\"/>\r\n    <property name=\"step1\" type=\"int\" value=\"4\"/>\r\n    <property name=\"step2\" type=\"int\" value=\"4\"/>\r\n    <property name=\"step3\" type=\"int\" value=\"4\"/>\r\n   </properties>\r\n  </object>\r\n  <object id=\"200\" name=\"floor\" x=\"0\" y=\"700\" width=\"660\" height=\"100\"/>\r\n  <object id=\"210\" name=\"floor\" x=\"1300\" y=\"80\" width=\"300\" height=\"120\"/>\r\n  <object id=\"213\" name=\"chuan\" x=\"320\" y=\"500\" width=\"340\" height=\"20\"/>\r\n  <object id=\"216\" name=\"chuan\" x=\"320\" y=\"300\" width=\"340\" height=\"20\"/>\r\n  <object id=\"218\" name=\"tanlizhangai\" x=\"780\" y=\"700\" width=\"340\" height=\"20\"/>\r\n  <object id=\"220\" name=\"juqing\" type=\"juqing\" x=\"1240\" y=\"80\" width=\"60\" height=\"120\">\r\n   <properties>\r\n    <property name=\"tiaojian\" value=\"{&quot;time&quot;:0.7}\"/>\r\n    <property name=\"type\" value=\"[{&quot;time&quot;:2,&quot;timescale&quot;:0.1,&quot;moshi&quot;:1,&quot;scale&quot;:2,&quot;mubiao&quot;:0,&quot;anim1&quot;:0,&quot;anim2&quot;:0}, {&quot;time&quot;:2.4,&quot;timescale&quot;:0.15,&quot;moshi&quot;:0,&quot;scale&quot;:2,&quot;mubiao&quot;:0,&quot;anim1&quot;:1,&quot;anim2&quot;:1},{&quot;time&quot;:0.4,&quot;timescale&quot;:0.15,&quot;moshi&quot;:0,&quot;scale&quot;:2,&quot;mubiao&quot;:0,&quot;anim1&quot;:2,&quot;anim2&quot;:1}]\"/>\r\n    <property name=\"yinyue\" value=\"querenguo\"/>\r\n   </properties>\r\n  </object>\r\n </objectgroup>\r\n</map>\r\n",
  "textures": [],
  "textureNames": [],
  "tsxFiles": [],
  "tsxFileNames": []
}