{
  "__type__": "cc.JsonAsset",
  "_name": "guanka21",
  "_objFlags": 0,
  "_native": "",
  "json": [
    {
      "position": {
        "x": 243.20248413085938,
        "y": 550.1598510742188
      },
      "point": [
        {
          "x": 21.763949051665634,
          "y": 19.927772801842398
        },
        {
          "x": 43.52789810333127,
          "y": 38.4155456036848
        },
        {
          "x": 65.2918471549969,
          "y": 55.46331840552719
        },
        {
          "x": 87.05579620666254,
          "y": 71.07109120736959
        },
        {
          "x": 108.81974525832817,
          "y": 85.238864009212
        },
        {
          "x": 130.5836943099938,
          "y": 97.9666368110544
        },
        {
          "x": 152.34764336165944,
          "y": 109.25440961289678
        },
        {
          "x": 174.11159241332507,
          "y": 119.10218241473919
        },
        {
          "x": 195.8755414649907,
          "y": 127.50995521658159
        },
        {
          "x": 217.63949051665634,
          "y": 134.477728018424
        },
        {
          "x": 239.40343956832197,
          "y": 140.00550082026638
        },
        {
          "x": 261.1673886199876,
          "y": 144.09327362210877
        },
        {
          "x": 282.93133767165324,
          "y": 146.7410464239512
        },
        {
          "x": 304.6952867233189,
          "y": 147.94881922579359
        },
        {
          "x": 326.4592357749845,
          "y": 147.71659202763595
        },
        {
          "x": 348.22318482665014,
          "y": 146.04436482947838
        },
        {
          "x": 369.9871338783158,
          "y": 142.93213763132076
        },
        {
          "x": 391.7510829299814,
          "y": 138.37991043316316
        },
        {
          "x": 413.51503198164704,
          "y": 132.38768323500557
        }
      ]
    }
  ]
}