{
  "__type__": "cc.JsonAsset",
  "_name": "guanka48",
  "_objFlags": 0,
  "_native": "",
  "json": [
    {
      "position": {
        "x": 120,
        "y": 150.15997314453125
      },
      "point": [
        {
          "x": 7.893448161750484,
          "y": 28.22293482212469
        },
        {
          "x": 15.786896323500969,
          "y": 55.00586964424937
        },
        {
          "x": 23.680344485251453,
          "y": 80.34880446637406
        },
        {
          "x": 31.573792647001937,
          "y": 104.25173928849875
        },
        {
          "x": 39.46724080875242,
          "y": 126.71467411062343
        },
        {
          "x": 47.360688970502906,
          "y": 147.73760893274812
        },
        {
          "x": 55.25413713225339,
          "y": 167.32054375487283
        },
        {
          "x": 63.147585294003875,
          "y": 185.4634785769975
        },
        {
          "x": 71.04103345575436,
          "y": 202.16641339912218
        },
        {
          "x": 78.93448161750484,
          "y": 217.42934822124687
        },
        {
          "x": 86.82792977925533,
          "y": 231.25228304337153
        },
        {
          "x": 94.72137794100581,
          "y": 243.63521786549626
        },
        {
          "x": 102.6148261027563,
          "y": 254.57815268762096
        },
        {
          "x": 110.50827426450678,
          "y": 264.0810875097456
        },
        {
          "x": 118.40172242625727,
          "y": 272.1440223318703
        },
        {
          "x": 126.29517058800775,
          "y": 278.766957153995
        },
        {
          "x": 134.18861874975823,
          "y": 283.9498919761197
        },
        {
          "x": 142.08206691150872,
          "y": 287.69282679824437
        },
        {
          "x": 149.9755150732592,
          "y": 289.9957616203691
        }
      ]
    }
  ]
}