{
  "__type__": "cc.TiledMapAsset",
  "_name": "guan118",
  "_objFlags": 0,
  "_native": "",
  "tmxXmlStr": "<?xml version=\"1.0\" encoding=\"UTF-8\"?>\r\n<map version=\"1.0\" tiledversion=\"1.1.3\" orientation=\"orthogonal\" renderorder=\"right-down\" width=\"80\" height=\"40\" tilewidth=\"20\" tileheight=\"20\" infinite=\"0\" nextobjectid=\"297\">\r\n <objectgroup name=\"duixiang\">\r\n  <object id=\"128\" name=\"hero\" x=\"460\" y=\"340\" width=\"60\" height=\"60\"/>\r\n  <object id=\"129\" name=\"star\" x=\"1320\" y=\"-80\" width=\"60\" height=\"60\"/>\r\n  <object id=\"135\" name=\"map\" type=\"2\" x=\"420\" y=\"40\">\r\n   <properties>\r\n    <property name=\"caidan\" type=\"bool\" value=\"false\"/>\r\n    <property name=\"help\" type=\"bool\" value=\"false\"/>\r\n    <property name=\"step1\" type=\"int\" value=\"100\"/>\r\n    <property name=\"step2\" type=\"int\" value=\"80\"/>\r\n    <property name=\"step3\" type=\"int\" value=\"10\"/>\r\n   </properties>\r\n  </object>\r\n  <object id=\"274\" name=\"floor\" x=\"0\" y=\"740\" width=\"1600\" height=\"60\"/>\r\n  <object id=\"282\" name=\"chuan\" x=\"1300\" y=\"-20\" width=\"100\" height=\"20\"/>\r\n  <object id=\"283\" name=\"juqing\" type=\"juqing\" x=\"1300\" y=\"-100\" width=\"100\" height=\"80\">\r\n   <properties>\r\n    <property name=\"tiaojian\" value=\"{&quot;time&quot;:0.5}\"/>\r\n    <property name=\"type\" value=\"[{&quot;time&quot;:4,&quot;timescale&quot;:0.1,&quot;moshi&quot;:1,&quot;scale&quot;:0.5,&quot;mubiao&quot;:1,&quot;anim1&quot;:1,&quot;anim2&quot;:0}, {&quot;time&quot;:3,&quot;timescale&quot;:0.15,&quot;moshi&quot;:1,&quot;scale&quot;:1,&quot;mubiao&quot;:0,&quot;anim1&quot;:1,&quot;anim2&quot;:1}]\"/>\r\n    <property name=\"yinyue\" value=\"pingfan\"/>\r\n   </properties>\r\n  </object>\r\n  <object id=\"288\" name=\"chuan\" x=\"0\" y=\"580\" width=\"380\" height=\"20\"/>\r\n  <object id=\"289\" name=\"chuan\" x=\"0\" y=\"400\" width=\"380\" height=\"20\"/>\r\n  <object id=\"291\" name=\"floordy\" x=\"480\" y=\"700\" width=\"140\" height=\"40\"/>\r\n  <object id=\"292\" name=\"floor\" x=\"380\" y=\"400\" width=\"280\" height=\"20\"/>\r\n  <object id=\"294\" name=\"floor\" x=\"840\" y=\"400\" width=\"700\" height=\"20\"/>\r\n  <object id=\"295\" name=\"jian\" x=\"640\" y=\"720\" width=\"240\" height=\"20\"/>\r\n </objectgroup>\r\n</map>\r\n",
  "textures": [],
  "textureNames": [],
  "tsxFiles": [],
  "tsxFileNames": []
}