{
  "__type__": "cc.JsonAsset",
  "_name": "guanka84",
  "_objFlags": 0,
  "_native": "",
  "json": [
    {
      "position": {
        "x": 120,
        "y": 50.15999221801758
      },
      "point": [
        {
          "x": 9.327532308617178,
          "y": 27.793104724524518
        },
        {
          "x": 18.655064617234355,
          "y": 54.14620944904904
        },
        {
          "x": 27.98259692585153,
          "y": 79.05931417357355
        },
        {
          "x": 37.31012923446871,
          "y": 102.53241889809807
        },
        {
          "x": 46.63766154308589,
          "y": 124.56552362262259
        },
        {
          "x": 55.96519385170306,
          "y": 145.1586283471471
        },
        {
          "x": 65.29272616032024,
          "y": 164.31173307167163
        },
        {
          "x": 74.62025846893742,
          "y": 182.02483779619615
        },
        {
          "x": 83.9477907775546,
          "y": 198.29794252072065
        },
        {
          "x": 93.27532308617178,
          "y": 213.13104724524518
        },
        {
          "x": 102.60285539478896,
          "y": 226.52415196976972
        },
        {
          "x": 111.93038770340613,
          "y": 238.47725669429423
        },
        {
          "x": 121.2579200120233,
          "y": 248.99036141881874
        },
        {
          "x": 130.58545232064048,
          "y": 258.06346614334325
        },
        {
          "x": 139.91298462925766,
          "y": 265.6965708678678
        },
        {
          "x": 149.24051693787484,
          "y": 271.8896755923923
        },
        {
          "x": 158.56804924649202,
          "y": 276.6427803169168
        },
        {
          "x": 167.8955815551092,
          "y": 279.9558850414413
        },
        {
          "x": 177.22311386372638,
          "y": 281.82898976596584
        }
      ]
    },
    {
      "position": {
        "x": 1104.572509765625,
        "y": 270.1599426269531
      },
      "point": [
        {
          "x": -21.482715779081275,
          "y": 20.22022260519721
        },
        {
          "x": -42.96543155816255,
          "y": 39.00044521039442
        },
        {
          "x": -64.44814733724382,
          "y": 56.34066781559163
        },
        {
          "x": -85.9308631163251,
          "y": 72.24089042078884
        },
        {
          "x": -107.41357889540637,
          "y": 86.70111302598605
        },
        {
          "x": -128.89629467448765,
          "y": 99.72133563118325
        },
        {
          "x": -150.37901045356892,
          "y": 111.30155823638046
        },
        {
          "x": -171.8617262326502,
          "y": 121.44178084157768
        },
        {
          "x": -193.34444201173147,
          "y": 130.14200344677488
        },
        {
          "x": -214.82715779081275,
          "y": 137.4022260519721
        },
        {
          "x": -236.30987356989402,
          "y": 143.2224486571693
        },
        {
          "x": -257.7925893489753,
          "y": 147.60267126236653
        },
        {
          "x": -279.2753051280566,
          "y": 150.54289386756375
        },
        {
          "x": -300.75802090713785,
          "y": 152.04311647276094
        },
        {
          "x": -322.2407366862191,
          "y": 152.10333907795814
        },
        {
          "x": -343.7234524653004,
          "y": 150.72356168315537
        },
        {
          "x": -365.2061682443817,
          "y": 147.90378428835257
        },
        {
          "x": -386.68888402346295,
          "y": 143.64400689354977
        },
        {
          "x": -408.1715998025442,
          "y": 137.944229498747
        }
      ]
    },
    {
      "position": {
        "x": 862.4296264648438,
        "y": 409.8400573730469
      },
      "point": [
        {
          "x": -17.940110691450226,
          "y": -24.76480044372407
        },
        {
          "x": -35.88022138290045,
          "y": -50.96960088744814
        },
        {
          "x": -53.820332074350674,
          "y": -78.6144013311722
        },
        {
          "x": -71.7604427658009,
          "y": -107.69920177489628
        },
        {
          "x": -89.70055345725113,
          "y": -138.22400221862034
        },
        {
          "x": -107.64066414870135,
          "y": -170.1888026623444
        },
        {
          "x": -125.58077484015158,
          "y": -203.59360310606843
        },
        {
          "x": -143.5208855316018,
          "y": -238.43840354979253
        },
        {
          "x": -161.46099622305204,
          "y": -274.72320399351656
        },
        {
          "x": -179.40110691450226,
          "y": -312.4480044372406
        },
        {
          "x": -197.3412176059525,
          "y": -351.61280488096475
        },
        {
          "x": -215.2813282974027,
          "y": -392.21760532468875
        },
        {
          "x": -233.22143898885292,
          "y": -434.2624057684128
        },
        {
          "x": -251.16154968030315,
          "y": -477.74720621213686
        },
        {
          "x": -269.1016603717534,
          "y": -522.672006655861
        },
        {
          "x": -287.0417710632036,
          "y": -569.0368070995851
        },
        {
          "x": -304.98188175465384,
          "y": -616.8416075433091
        },
        {
          "x": -322.92199244610407,
          "y": -666.0864079870332
        },
        {
          "x": -340.8621031375543,
          "y": -716.7712084307573
        }
      ]
    }
  ]
}