{
  "__type__": "cc.TiledMapAsset",
  "_name": "guan64",
  "_objFlags": 0,
  "_native": "",
  "tmxXmlStr": "<?xml version=\"1.0\" encoding=\"UTF-8\"?>\r\n<map version=\"1.0\" tiledversion=\"1.1.3\" orientation=\"orthogonal\" renderorder=\"right-down\" width=\"80\" height=\"40\" tilewidth=\"20\" tileheight=\"20\" infinite=\"0\" nextobjectid=\"255\">\r\n <objectgroup name=\"duixiang\">\r\n  <object id=\"128\" name=\"hero\" x=\"60\" y=\"680\" width=\"60\" height=\"60\"/>\r\n  <object id=\"135\" name=\"map\" type=\"2\" x=\"100\" y=\"20\">\r\n   <properties>\r\n    <property name=\"caidan\" type=\"bool\" value=\"false\"/>\r\n    <property name=\"step1\" type=\"int\" value=\"5\"/>\r\n    <property name=\"step2\" type=\"int\" value=\"4\"/>\r\n    <property name=\"step3\" type=\"int\" value=\"4\"/>\r\n   </properties>\r\n  </object>\r\n  <object id=\"210\" name=\"floor\" x=\"0\" y=\"740\" width=\"1600\" height=\"60\"/>\r\n  <object id=\"246\" name=\"star\" x=\"1400\" y=\"680\" width=\"60\" height=\"60\"/>\r\n  <object id=\"253\" name=\"jian\" type=\"1\" x=\"300\" y=\"560\" width=\"180\" height=\"20\" rotation=\"90\">\r\n   <properties>\r\n    <property name=\"x1\" type=\"int\" value=\"450\"/>\r\n    <property name=\"y1\" type=\"int\" value=\"0\"/>\r\n   </properties>\r\n  </object>\r\n  <object id=\"254\" name=\"jian\" type=\"1\" x=\"1300\" y=\"560\" width=\"180\" height=\"20\" rotation=\"90\">\r\n   <properties>\r\n    <property name=\"x1\" type=\"int\" value=\"-450\"/>\r\n    <property name=\"y1\" type=\"int\" value=\"0\"/>\r\n   </properties>\r\n  </object>\r\n </objectgroup>\r\n</map>\r\n",
  "textures": [],
  "textureNames": [],
  "tsxFiles": [],
  "tsxFileNames": []
}