{
  "__type__": "cc.TiledMapAsset",
  "_name": "guan35",
  "_objFlags": 0,
  "_native": "",
  "tmxXmlStr": "<?xml version=\"1.0\" encoding=\"UTF-8\"?>\r\n<map version=\"1.0\" tiledversion=\"1.1.3\" orientation=\"orthogonal\" renderorder=\"right-down\" width=\"80\" height=\"40\" tilewidth=\"20\" tileheight=\"20\" infinite=\"0\" nextobjectid=\"218\">\r\n <objectgroup name=\"duixiang\">\r\n  <object id=\"128\" name=\"hero\" x=\"140\" y=\"700\" width=\"60\" height=\"60\"/>\r\n  <object id=\"129\" name=\"star\" x=\"1520\" y=\"700\" width=\"60\" height=\"60\"/>\r\n  <object id=\"135\" name=\"map\" type=\"2\" x=\"420\" y=\"40\">\r\n   <properties>\r\n    <property name=\"caidan\" type=\"bool\" value=\"false\"/>\r\n    <property name=\"step1\" type=\"int\" value=\"12\"/>\r\n    <property name=\"step2\" type=\"int\" value=\"8\"/>\r\n    <property name=\"step3\" type=\"int\" value=\"5\"/>\r\n   </properties>\r\n  </object>\r\n  <object id=\"200\" name=\"floor\" x=\"0\" y=\"760\" width=\"1600\" height=\"40\"/>\r\n  <object id=\"215\" name=\"floordy\" x=\"260\" y=\"360\" width=\"120\" height=\"400\"/>\r\n  <object id=\"216\" name=\"objdy\" x=\"1040\" y=\"580\">\r\n   <polygon points=\"0,0 160,-200 300,-200 400,-20 400,180 0,180\"/>\r\n  </object>\r\n  <object id=\"217\" name=\"juqing\" type=\"juqing\" x=\"1520\" y=\"680\" width=\"80\" height=\"80\">\r\n   <properties>\r\n    <property name=\"tiaojian\" value=\"{&quot;time&quot;:0.6}\"/>\r\n    <property name=\"type\" value=\"[{&quot;time&quot;:3,&quot;timescale&quot;:0.1,&quot;moshi&quot;:1,&quot;scale&quot;:0.5,&quot;mubiao&quot;:1,&quot;anim1&quot;:0,&quot;anim2&quot;:0}, {&quot;time&quot;:3,&quot;timescale&quot;:0.12,&quot;moshi&quot;:1,&quot;scale&quot;:1,&quot;mubiao&quot;:0,&quot;anim1&quot;:1,&quot;anim2&quot;:1}]\"/>\r\n    <property name=\"yinyue\" value=\"dengdaoni\"/>\r\n   </properties>\r\n  </object>\r\n </objectgroup>\r\n</map>\r\n",
  "textures": [],
  "textureNames": [],
  "tsxFiles": [],
  "tsxFileNames": []
}