{
  "__type__": "cc.TiledMapAsset",
  "_name": "guan77",
  "_objFlags": 0,
  "_native": "",
  "tmxXmlStr": "<?xml version=\"1.0\" encoding=\"UTF-8\"?>\r\n<map version=\"1.0\" tiledversion=\"1.1.3\" orientation=\"orthogonal\" renderorder=\"right-down\" width=\"80\" height=\"40\" tilewidth=\"20\" tileheight=\"20\" infinite=\"0\" nextobjectid=\"243\">\r\n <objectgroup name=\"duixiang\">\r\n  <object id=\"128\" name=\"hero\" x=\"60\" y=\"680\" width=\"60\" height=\"60\"/>\r\n  <object id=\"129\" name=\"star\" x=\"1440\" y=\"240\" width=\"60\" height=\"60\"/>\r\n  <object id=\"135\" name=\"map\" type=\"2\" x=\"200\" y=\"300\">\r\n   <properties>\r\n    <property name=\"caidan\" type=\"bool\" value=\"false\"/>\r\n    <property name=\"help\" type=\"bool\" value=\"false\"/>\r\n    <property name=\"step1\" type=\"int\" value=\"15\"/>\r\n    <property name=\"step2\" type=\"int\" value=\"9\"/>\r\n    <property name=\"step3\" type=\"int\" value=\"9\"/>\r\n   </properties>\r\n  </object>\r\n  <object id=\"232\" name=\"chuan\" x=\"1360\" y=\"300\" width=\"180\" height=\"20\"/>\r\n  <object id=\"233\" name=\"juqing\" type=\"juqing\" x=\"1420\" y=\"220\" width=\"100\" height=\"80\">\r\n   <properties>\r\n    <property name=\"tiaojian\" value=\"{&quot;time&quot;:0.6}\"/>\r\n    <property name=\"type\" value=\"[{&quot;time&quot;:3,&quot;timescale&quot;:0.1,&quot;moshi&quot;:1,&quot;scale&quot;:2,&quot;mubiao&quot;:1,&quot;anim1&quot;:0,&quot;anim2&quot;:0}, {&quot;time&quot;:2.4,&quot;timescale&quot;:0.15,&quot;moshi&quot;:1,&quot;scale&quot;:1.2,&quot;mubiao&quot;:0,&quot;anim1&quot;:1,&quot;anim2&quot;:1}]\"/>\r\n    <property name=\"yinyue\" value=\"manmanxihuanni\"/>\r\n   </properties>\r\n  </object>\r\n  <object id=\"234\" name=\"objst\" x=\"0\" y=\"740\">\r\n   <polygon points=\"0,0 180,0 180,-240 600,-240 260,0 920,0 1240,-60 1600,-60 1600,60 0,60\"/>\r\n  </object>\r\n  <object id=\"242\" name=\"floordy\" x=\"405\" y=\"640\" width=\"200\" height=\"100\"/>\r\n </objectgroup>\r\n</map>\r\n",
  "textures": [],
  "textureNames": [],
  "tsxFiles": [],
  "tsxFileNames": []
}