{
  "__type__": "cc.JsonAsset",
  "_name": "guanka102",
  "_objFlags": 0,
  "_native": "",
  "json": [
    {
      "position": {
        "x": 22.247783660888672,
        "y": 130.15997314453125
      },
      "point": [
        {
          "x": 23.788073810058794,
          "y": 17.55915600915958
        },
        {
          "x": 47.57614762011759,
          "y": 33.67831201831916
        },
        {
          "x": 71.36422143017639,
          "y": 48.35746802747873
        },
        {
          "x": 95.15229524023518,
          "y": 61.59662403663832
        },
        {
          "x": 118.94036905029397,
          "y": 73.39578004579789
        },
        {
          "x": 142.72844286035277,
          "y": 83.75493605495748
        },
        {
          "x": 166.51651667041156,
          "y": 92.67409206411705
        },
        {
          "x": 190.30459048047035,
          "y": 100.15324807327663
        },
        {
          "x": 214.09266429052914,
          "y": 106.19240408243621
        },
        {
          "x": 237.88073810058793,
          "y": 110.79156009159578
        },
        {
          "x": 261.66881191064675,
          "y": 113.95071610075536
        },
        {
          "x": 285.45688572070554,
          "y": 115.66987210991496
        },
        {
          "x": 309.24495953076433,
          "y": 115.94902811907453
        },
        {
          "x": 333.0330333408231,
          "y": 114.78818412823412
        },
        {
          "x": 356.8211071508819,
          "y": 112.18734013739369
        },
        {
          "x": 380.6091809609407,
          "y": 108.14649614655328
        },
        {
          "x": 404.3972547709995,
          "y": 102.66565215571285
        },
        {
          "x": 428.1853285810583,
          "y": 95.74480816487242
        },
        {
          "x": 451.9734023911171,
          "y": 87.38396417403202
        }
      ]
    }
  ]
}