{
  "__type__": "cc.TiledMapAsset",
  "_name": "guan80",
  "_objFlags": 0,
  "_native": "",
  "tmxXmlStr": "<?xml version=\"1.0\" encoding=\"UTF-8\"?>\r\n<map version=\"1.0\" tiledversion=\"1.1.3\" orientation=\"orthogonal\" renderorder=\"right-down\" width=\"80\" height=\"40\" tilewidth=\"20\" tileheight=\"20\" infinite=\"0\" nextobjectid=\"208\">\r\n <objectgroup name=\"duixiang\">\r\n  <object id=\"128\" name=\"hero\" x=\"100\" y=\"480\" width=\"60\" height=\"60\"/>\r\n  <object id=\"129\" name=\"star\" x=\"1500\" y=\"100\" width=\"60\" height=\"60\"/>\r\n  <object id=\"135\" name=\"map\" type=\"2\" x=\"220\" y=\"220\">\r\n   <properties>\r\n    <property name=\"caidan\" type=\"bool\" value=\"false\"/>\r\n    <property name=\"step1\" type=\"int\" value=\"5\"/>\r\n    <property name=\"step2\" type=\"int\" value=\"5\"/>\r\n    <property name=\"step3\" type=\"int\" value=\"5\"/>\r\n   </properties>\r\n  </object>\r\n  <object id=\"197\" name=\"objst\" x=\"0\" y=\"540\">\r\n   <polygon points=\"0,0 320,0 520,220 980,220 1220,0 1220,-380 1600,-380 1600,260 0,260\"/>\r\n  </object>\r\n  <object id=\"200\" name=\"floordy\" x=\"880\" y=\"560\" width=\"40\" height=\"200\"/>\r\n  <object id=\"201\" name=\"floordy\" x=\"660\" y=\"520\" width=\"540\" height=\"40\"/>\r\n  <object id=\"202\" name=\"floordy\" x=\"880\" y=\"340\" width=\"40\" height=\"180\"/>\r\n  <object id=\"207\" name=\"juqing\" type=\"juqing\" x=\"1500\" y=\"100\" width=\"60\" height=\"60\">\r\n   <properties>\r\n    <property name=\"tiaojian\" value=\"{&quot;time&quot;:0.5}\"/>\r\n    <property name=\"type\" value=\"[{&quot;time&quot;:4,&quot;timescale&quot;:0.01,&quot;moshi&quot;:1,&quot;scale&quot;:0.5,&quot;mubiao&quot;:1,&quot;anim1&quot;:1,&quot;anim2&quot;:0}, {&quot;time&quot;:4,&quot;timescale&quot;:0.02,&quot;moshi&quot;:1,&quot;scale&quot;:1,&quot;mubiao&quot;:0,&quot;anim1&quot;:1,&quot;anim2&quot;:1}]\"/>\r\n    <property name=\"yinyue\" value=\"pingfan\"/>\r\n   </properties>\r\n  </object>\r\n </objectgroup>\r\n</map>\r\n",
  "textures": [],
  "textureNames": [],
  "tsxFiles": [],
  "tsxFileNames": []
}