{
  "__type__": "cc.TiledMapAsset",
  "_name": "guan17",
  "_objFlags": 0,
  "_native": "",
  "tmxXmlStr": "<?xml version=\"1.0\" encoding=\"UTF-8\"?>\r\n<map version=\"1.0\" tiledversion=\"1.1.3\" orientation=\"orthogonal\" renderorder=\"right-down\" width=\"80\" height=\"32\" tilewidth=\"20\" tileheight=\"20\" infinite=\"0\" nextobjectid=\"157\">\r\n <objectgroup name=\"duixiang\">\r\n  <object id=\"122\" name=\"floor\" x=\"0\" y=\"580\" width=\"1600\" height=\"60\"/>\r\n  <object id=\"128\" name=\"hero\" x=\"200\" y=\"520\" width=\"60\" height=\"60\"/>\r\n  <object id=\"129\" name=\"star\" x=\"1180\" y=\"140\" width=\"60\" height=\"60\"/>\r\n  <object id=\"135\" name=\"map\" type=\"2\" x=\"220\" y=\"60\">\r\n   <properties>\r\n    <property name=\"caidan\" type=\"bool\" value=\"false\"/>\r\n    <property name=\"step1\" type=\"int\" value=\"5\"/>\r\n    <property name=\"step2\" type=\"int\" value=\"5\"/>\r\n    <property name=\"step3\" type=\"int\" value=\"5\"/>\r\n   </properties>\r\n  </object>\r\n  <object id=\"140\" name=\"yuandy\" x=\"580\" y=\"500\" width=\"80\" height=\"80\">\r\n   <ellipse/>\r\n  </object>\r\n  <object id=\"141\" name=\"yuandy\" x=\"880\" y=\"500\" width=\"80\" height=\"80\">\r\n   <ellipse/>\r\n  </object>\r\n  <object id=\"144\" name=\"floor\" x=\"1180\" y=\"200\" width=\"220\" height=\"20\"/>\r\n  <object id=\"150\" name=\"floordy\" x=\"1340\" y=\"340\" width=\"20\" height=\"240\"/>\r\n  <object id=\"155\" name=\"floordy\" x=\"1360\" y=\"60\" width=\"20\" height=\"140\"/>\r\n  <object id=\"156\" name=\"floordy\" x=\"1500\" y=\"20\" width=\"20\" height=\"560\"/>\r\n </objectgroup>\r\n</map>\r\n",
  "textures": [],
  "textureNames": [],
  "tsxFiles": [],
  "tsxFileNames": []
}