{
  "__type__": "cc.JsonAsset",
  "_name": "guanka56",
  "_objFlags": 0,
  "_native": "",
  "json": [
    {
      "position": {
        "x": 60,
        "y": 90.15997314453125
      },
      "point": [
        {
          "x": 9.984486406879212,
          "y": 27.56975134551105
        },
        {
          "x": 19.968972813758423,
          "y": 53.6995026910221
        },
        {
          "x": 29.953459220637633,
          "y": 78.38925403653315
        },
        {
          "x": 39.93794562751685,
          "y": 101.6390053820442
        },
        {
          "x": 49.92243203439606,
          "y": 123.44875672755524
        },
        {
          "x": 59.906918441275266,
          "y": 143.8185080730663
        },
        {
          "x": 69.89140484815448,
          "y": 162.74825941857736
        },
        {
          "x": 79.8758912550337,
          "y": 180.2380107640884
        },
        {
          "x": 89.8603776619129,
          "y": 196.28776210959944
        },
        {
          "x": 99.84486406879212,
          "y": 210.8975134551105
        },
        {
          "x": 109.82935047567133,
          "y": 224.06726480062153
        },
        {
          "x": 119.81383688255053,
          "y": 235.7970161461326
        },
        {
          "x": 129.79832328942976,
          "y": 246.08676749164366
        },
        {
          "x": 139.78280969630896,
          "y": 254.93651883715467
        },
        {
          "x": 149.7672961031882,
          "y": 262.34627018266576
        },
        {
          "x": 159.7517825100674,
          "y": 268.3160215281768
        },
        {
          "x": 169.73626891694659,
          "y": 272.84577287368785
        },
        {
          "x": 179.7207553238258,
          "y": 275.9355242191989
        },
        {
          "x": 189.705241730705,
          "y": 277.58527556470995
        }
      ]
    },
    {
      "position": {
        "x": 761.74609375,
        "y": 310.1599426269531
      },
      "point": [
        {
          "x": 10.533736962507659,
          "y": 27.369862683977285
        },
        {
          "x": 21.067473925015317,
          "y": 53.29972536795457
        },
        {
          "x": 31.601210887522974,
          "y": 77.78958805193186
        },
        {
          "x": 42.134947850030635,
          "y": 100.83945073590914
        },
        {
          "x": 52.668684812538295,
          "y": 122.44931341988644
        },
        {
          "x": 63.20242177504595,
          "y": 142.6191761038637
        },
        {
          "x": 73.73615873755361,
          "y": 161.349038787841
        },
        {
          "x": 84.26989570006127,
          "y": 178.6389014718183
        },
        {
          "x": 94.80363266256893,
          "y": 194.4887641557956
        },
        {
          "x": 105.33736962507659,
          "y": 208.89862683977287
        },
        {
          "x": 115.87110658758425,
          "y": 221.86848952375016
        },
        {
          "x": 126.4048435500919,
          "y": 233.39835220772744
        },
        {
          "x": 136.93858051259957,
          "y": 243.48821489170473
        },
        {
          "x": 147.47231747510722,
          "y": 252.138077575682
        },
        {
          "x": 158.0060544376149,
          "y": 259.3479402596593
        },
        {
          "x": 168.53979140012254,
          "y": 265.1178029436366
        },
        {
          "x": 179.07352836263019,
          "y": 269.4476656276139
        },
        {
          "x": 189.60726532513786,
          "y": 272.33752831159114
        },
        {
          "x": 200.1410022876455,
          "y": 273.78739099556844
        }
      ]
    }
  ]
}