{
  "__type__": "cc.JsonAsset",
  "_name": "guanka29",
  "_objFlags": 0,
  "_native": "",
  "json": [
    {
      "position": {
        "x": 403.87353515625,
        "y": 250.63169860839844
      },
      "point": [
        {
          "x": 21.631487970794595,
          "y": 20.066503509954934
        },
        {
          "x": 43.26297594158919,
          "y": 38.693007019909864
        },
        {
          "x": 64.89446391238378,
          "y": 55.8795105298648
        },
        {
          "x": 86.52595188317838,
          "y": 71.62601403981974
        },
        {
          "x": 108.15743985397297,
          "y": 85.93251754977466
        },
        {
          "x": 129.78892782476757,
          "y": 98.7990210597296
        },
        {
          "x": 151.42041579556218,
          "y": 110.22552456968452
        },
        {
          "x": 173.05190376635676,
          "y": 120.21202807963947
        },
        {
          "x": 194.68339173715134,
          "y": 128.75853158959438
        },
        {
          "x": 216.31487970794595,
          "y": 135.86503509954932
        },
        {
          "x": 237.94636767874056,
          "y": 141.53153860950425
        },
        {
          "x": 259.57785564953514,
          "y": 145.7580421194592
        },
        {
          "x": 281.2093436203297,
          "y": 148.54454562941413
        },
        {
          "x": 302.84083159112436,
          "y": 149.89104913936907
        },
        {
          "x": 324.47231956191894,
          "y": 149.797552649324
        },
        {
          "x": 346.1038075327135,
          "y": 148.26405615927894
        },
        {
          "x": 367.7352955035081,
          "y": 145.29055966923386
        },
        {
          "x": 389.3667834743027,
          "y": 140.8770631791888
        },
        {
          "x": 410.9982714450973,
          "y": 135.02356668914373
        }
      ]
    }
  ]
}