{
  "__type__": "cc.JsonAsset",
  "_name": "guanka115",
  "_objFlags": 0,
  "_native": "",
  "json": [
    {
      "position": {
        "x": 1479.084716796875,
        "y": 738.2706298828125
      },
      "point": [
        {
          "x": 1.2821490948016827,
          "y": -2.0021490948016827
        },
        {
          "x": 2.5642981896033654,
          "y": -5.444298189603365
        },
        {
          "x": 3.8464472844050484,
          "y": -10.326447284405049
        },
        {
          "x": 5.128596379206731,
          "y": -16.64859637920673
        },
        {
          "x": 6.410745474008413,
          "y": -24.41074547400841
        },
        {
          "x": 7.692894568810097,
          "y": -33.6128945688101
        },
        {
          "x": 8.975043663611778,
          "y": -44.25504366361178
        },
        {
          "x": 10.257192758413462,
          "y": -56.33719275841346
        },
        {
          "x": 11.539341853215145,
          "y": -69.85934185321514
        },
        {
          "x": 12.821490948016827,
          "y": -84.82149094801684
        },
        {
          "x": 14.10364004281851,
          "y": -101.22364004281852
        },
        {
          "x": 15.385789137620193,
          "y": -119.06578913762021
        },
        {
          "x": 16.667938232421875,
          "y": -138.3479382324219
        },
        {
          "x": 17.950087327223557,
          "y": -159.07008732722358
        },
        {
          "x": 19.23223642202524,
          "y": -181.23223642202527
        },
        {
          "x": 20.514385516826923,
          "y": -204.83438551682696
        },
        {
          "x": 21.796534611628605,
          "y": -229.8765346116286
        },
        {
          "x": 23.07868370643029,
          "y": -256.3586837064303
        },
        {
          "x": 24.36083280123197,
          "y": -284.28083280123195
        }
      ]
    }
  ]
}