{
  "__type__": "cc.JsonAsset",
  "_name": "guanka52",
  "_objFlags": 0,
  "_native": "",
  "json": [
    {
      "position": {
        "x": 100,
        "y": 130.1597900390625
      },
      "point": [
        {
          "x": 7.384896889711042,
          "y": 15.14337700868264
        },
        {
          "x": 14.769793779422084,
          "y": 28.846754017365278
        },
        {
          "x": 22.154690669133124,
          "y": 41.11013102604792
        },
        {
          "x": 29.53958755884417,
          "y": 51.93350803473056
        },
        {
          "x": 36.92448444855521,
          "y": 61.316885043413194
        },
        {
          "x": 44.30938133826625,
          "y": 69.26026205209583
        },
        {
          "x": 51.69427822797729,
          "y": 75.76363906077847
        },
        {
          "x": 59.07917511768834,
          "y": 80.82701606946111
        },
        {
          "x": 66.46407200739938,
          "y": 84.45039307814376
        },
        {
          "x": 73.84896889711042,
          "y": 86.63377008682639
        },
        {
          "x": 81.23386578682147,
          "y": 87.37714709550903
        },
        {
          "x": 88.6187626765325,
          "y": 86.68052410419166
        },
        {
          "x": 96.00365956624354,
          "y": 84.54390111287431
        },
        {
          "x": 103.38855645595459,
          "y": 80.96727812155694
        },
        {
          "x": 110.77345334566563,
          "y": 75.9506551302396
        },
        {
          "x": 118.15835023537667,
          "y": 69.49403213892222
        },
        {
          "x": 125.54324712508772,
          "y": 61.597409147604864
        },
        {
          "x": 132.92814401479876,
          "y": 52.26078615628751
        },
        {
          "x": 140.3130409045098,
          "y": 41.48416316497014
        }
      ]
    },
    {
      "position": {
        "x": 249.07460021972656,
        "y": 170.27450561523438
      },
      "point": [
        {
          "x": 29.83076584505728,
          "y": 2.462044798139082
        },
        {
          "x": 59.66153169011456,
          "y": 3.4840895962781637
        },
        {
          "x": 89.49229753517184,
          "y": 3.0661343944172454
        },
        {
          "x": 119.32306338022912,
          "y": 1.2081791925563277
        },
        {
          "x": 149.1538292252864,
          "y": -2.0897760093045905
        },
        {
          "x": 178.9845950703437,
          "y": -6.827731211165508
        },
        {
          "x": 208.81536091540096,
          "y": -13.005686413026426
        },
        {
          "x": 238.64612676045823,
          "y": -20.62364161488734
        },
        {
          "x": 268.4768926055155,
          "y": -29.68159681674826
        },
        {
          "x": 298.3076584505728,
          "y": -40.17955201860917
        },
        {
          "x": 328.13842429563005,
          "y": -52.11750722047009
        },
        {
          "x": 357.9691901406874,
          "y": -65.495462422331
        },
        {
          "x": 387.79995598574465,
          "y": -80.31341762419193
        },
        {
          "x": 417.6307218308019,
          "y": -96.57137282605284
        },
        {
          "x": 447.4614876758592,
          "y": -114.26932802791374
        },
        {
          "x": 477.29225352091646,
          "y": -133.40728322977466
        },
        {
          "x": 507.12301936597373,
          "y": -153.9852384316356
        },
        {
          "x": 536.953785211031,
          "y": -176.00319363349652
        },
        {
          "x": 566.7845510560883,
          "y": -199.46114883535742
        }
      ]
    },
    {
      "position": {
        "x": 884.6968994140625,
        "y": 170.60604858398438
      },
      "point": [
        {
          "x": -7.384554545084635,
          "y": 17.057792612711587
        },
        {
          "x": -14.76910909016927,
          "y": 32.67558522542317
        },
        {
          "x": -22.153663635253906,
          "y": 46.85337783813476
        },
        {
          "x": -29.53821818033854,
          "y": 59.59117045084635
        },
        {
          "x": -36.92277272542317,
          "y": 70.88896306355794
        },
        {
          "x": -44.30732727050781,
          "y": 80.74675567626952
        },
        {
          "x": -51.691881815592446,
          "y": 89.16454828898111
        },
        {
          "x": -59.07643636067708,
          "y": 96.14234090169269
        },
        {
          "x": -66.46099090576172,
          "y": 101.68013351440428
        },
        {
          "x": -73.84554545084634,
          "y": 105.77792612711588
        },
        {
          "x": -81.23009999593098,
          "y": 108.43571873982745
        },
        {
          "x": -88.61465454101562,
          "y": 109.65351135253906
        },
        {
          "x": -95.99920908610025,
          "y": 109.43130396525063
        },
        {
          "x": -103.38376363118489,
          "y": 107.76909657796222
        },
        {
          "x": -110.76831817626952,
          "y": 104.6668891906738
        },
        {
          "x": -118.15287272135416,
          "y": 100.12468180338539
        },
        {
          "x": -125.5374272664388,
          "y": 94.14247441609697
        },
        {
          "x": -132.92198181152344,
          "y": 86.72026702880856
        },
        {
          "x": -140.30653635660806,
          "y": 77.85805964152014
        }
      ]
    },
    {
      "position": {
        "x": 701.0198364257812,
        "y": 170.36395263671875
      },
      "point": [
        {
          "x": 29.984146752093388,
          "y": 0.2551633447416606
        },
        {
          "x": 59.968293504186775,
          "y": -0.9296733105166788
        },
        {
          "x": 89.95244025628017,
          "y": -3.554509965775018
        },
        {
          "x": 119.93658700837355,
          "y": -7.619346621033357
        },
        {
          "x": 149.92073376046693,
          "y": -13.124183276291696
        },
        {
          "x": 179.90488051256034,
          "y": -20.069019931550038
        },
        {
          "x": 209.88902726465372,
          "y": -28.453856586808378
        },
        {
          "x": 239.8731740167471,
          "y": -38.278693242066716
        },
        {
          "x": 269.8573207688405,
          "y": -49.54352989732505
        },
        {
          "x": 299.84146752093386,
          "y": -62.24836655258339
        },
        {
          "x": 329.82561427302727,
          "y": -76.39320320784174
        },
        {
          "x": 359.8097610251207,
          "y": -91.97803986310008
        },
        {
          "x": 389.79390777721403,
          "y": -109.00287651835842
        },
        {
          "x": 419.77805452930744,
          "y": -127.46771317361677
        },
        {
          "x": 449.7622012814008,
          "y": -147.37254982887512
        },
        {
          "x": 479.7463480334942,
          "y": -168.71738648413344
        },
        {
          "x": 509.7304947855876,
          "y": -191.5022231393918
        },
        {
          "x": 539.714641537681,
          "y": -215.72705979465013
        },
        {
          "x": 569.6987882897744,
          "y": -241.39189644990847
        }
      ]
    }
  ]
}