{
  "__type__": "cc.JsonAsset",
  "_name": "guanka91",
  "_objFlags": 0,
  "_native": "",
  "json": [
    {
      "position": {
        "x": 511.989501953125,
        "y": 170.6186065673828
      },
      "point": [
        {
          "x": 12.381996402190486,
          "y": 26.605558824956205
        },
        {
          "x": 24.763992804380973,
          "y": 51.771117649912405
        },
        {
          "x": 37.14598920657146,
          "y": 75.49667647486861
        },
        {
          "x": 49.527985608761945,
          "y": 97.78223529982482
        },
        {
          "x": 61.90998201095243,
          "y": 118.62779412478102
        },
        {
          "x": 74.29197841314291,
          "y": 138.0333529497372
        },
        {
          "x": 86.67397481533341,
          "y": 155.99891177469343
        },
        {
          "x": 99.05597121752389,
          "y": 172.52447059964965
        },
        {
          "x": 111.43796761971437,
          "y": 187.61002942460584
        },
        {
          "x": 123.81996402190487,
          "y": 201.25558824956204
        },
        {
          "x": 136.20196042409535,
          "y": 213.46114707451827
        },
        {
          "x": 148.58395682628583,
          "y": 224.22670589947444
        },
        {
          "x": 160.9659532284763,
          "y": 233.55226472443064
        },
        {
          "x": 173.34794963066682,
          "y": 241.43782354938688
        },
        {
          "x": 185.7299460328573,
          "y": 247.88338237434306
        },
        {
          "x": 198.11194243504778,
          "y": 252.88894119929927
        },
        {
          "x": 210.49393883723826,
          "y": 256.4545000242555
        },
        {
          "x": 222.87593523942874,
          "y": 258.5800588492117
        },
        {
          "x": 235.25793164161925,
          "y": 259.26561767416786
        }
      ]
    }
  ]
}