{
  "__type__": "cc.TiledMapAsset",
  "_name": "guan71",
  "_objFlags": 0,
  "_native": "",
  "tmxXmlStr": "<?xml version=\"1.0\" encoding=\"UTF-8\"?>\r\n<map version=\"1.0\" tiledversion=\"1.1.3\" orientation=\"orthogonal\" renderorder=\"right-down\" width=\"80\" height=\"40\" tilewidth=\"20\" tileheight=\"20\" infinite=\"0\" nextobjectid=\"263\">\r\n <objectgroup name=\"duixiang\">\r\n  <object id=\"128\" name=\"hero\" x=\"60\" y=\"680\" width=\"60\" height=\"60\"/>\r\n  <object id=\"135\" name=\"map\" type=\"2\" x=\"98\" y=\"77\">\r\n   <properties>\r\n    <property name=\"caidan\" type=\"bool\" value=\"false\"/>\r\n    <property name=\"step1\" type=\"int\" value=\"6\"/>\r\n    <property name=\"step2\" type=\"int\" value=\"4\"/>\r\n    <property name=\"step3\" type=\"int\" value=\"3\"/>\r\n   </properties>\r\n  </object>\r\n  <object id=\"210\" name=\"floor\" x=\"0\" y=\"740\" width=\"740\" height=\"60\"/>\r\n  <object id=\"246\" name=\"star\" x=\"1400\" y=\"260\" width=\"60\" height=\"60\"/>\r\n  <object id=\"253\" name=\"chuan\" x=\"0\" y=\"500\" width=\"400\" height=\"20\"/>\r\n  <object id=\"259\" name=\"objdy\" x=\"680\" y=\"740\">\r\n   <polygon points=\"0,0 40,0 220,-160 120,-400 -140,-400 -200,-160\"/>\r\n  </object>\r\n  <object id=\"260\" name=\"floor\" x=\"1140\" y=\"740\" width=\"460\" height=\"60\"/>\r\n  <object id=\"261\" name=\"chuan\" x=\"1340\" y=\"320\" width=\"220\" height=\"20\"/>\r\n  <object id=\"262\" name=\"juqing\" type=\"juqing\" x=\"1380\" y=\"240\" width=\"100\" height=\"80\">\r\n   <properties>\r\n    <property name=\"tiaojian\" value=\"{&quot;time&quot;:1.1}\"/>\r\n    <property name=\"type\" value=\"[{&quot;time&quot;:4,&quot;timescale&quot;:0.1,&quot;moshi&quot;:1,&quot;scale&quot;:0.5,&quot;mubiao&quot;:1,&quot;anim1&quot;:1,&quot;anim2&quot;:0}, {&quot;time&quot;:3,&quot;timescale&quot;:0.15,&quot;moshi&quot;:1,&quot;scale&quot;:1,&quot;mubiao&quot;:0,&quot;anim1&quot;:1,&quot;anim2&quot;:1}]\"/>\r\n    <property name=\"yinyue\" value=\"pingfan\"/>\r\n   </properties>\r\n  </object>\r\n </objectgroup>\r\n</map>\r\n",
  "textures": [],
  "textureNames": [],
  "tsxFiles": [],
  "tsxFileNames": []
}