{
  "__type__": "cc.JsonAsset",
  "_name": "guanka108",
  "_objFlags": 0,
  "_native": "",
  "json": [
    {
      "position": {
        "x": 1306.9755859375,
        "y": 329.3421630859375
      },
      "point": [
        {
          "x": -15.384703416090746,
          "y": 16.90829071436173
        },
        {
          "x": -30.76940683218149,
          "y": 32.37658142872346
        },
        {
          "x": -46.15411024827224,
          "y": 46.40487214308519
        },
        {
          "x": -61.53881366436298,
          "y": 58.99316285744692
        },
        {
          "x": -76.92351708045373,
          "y": 70.14145357180865
        },
        {
          "x": -92.30822049654448,
          "y": 79.84974428617038
        },
        {
          "x": -107.69292391263522,
          "y": 88.1180350005321
        },
        {
          "x": -123.07762732872597,
          "y": 94.94632571489385
        },
        {
          "x": -138.4623307448167,
          "y": 100.33461642925558
        },
        {
          "x": -153.84703416090747,
          "y": 104.28290714361731
        },
        {
          "x": -169.2317375769982,
          "y": 106.79119785797903
        },
        {
          "x": -184.61644099308896,
          "y": 107.85948857234075
        },
        {
          "x": -200.0011444091797,
          "y": 107.4877792867025
        },
        {
          "x": -215.38584782527045,
          "y": 105.67607000106423
        },
        {
          "x": -230.77055124136118,
          "y": 102.42436071542596
        },
        {
          "x": -246.15525465745193,
          "y": 97.7326514297877
        },
        {
          "x": -261.53995807354266,
          "y": 91.60094214414941
        },
        {
          "x": -276.9246614896334,
          "y": 84.02923285851115
        },
        {
          "x": -292.3093649057242,
          "y": 75.01752357287289
        }
      ]
    }
  ]
}