{
  "__type__": "cc.JsonAsset",
  "_name": "guanka116",
  "_objFlags": 0,
  "_native": "",
  "json": [
    {
      "position": {
        "x": 481.2947692871094,
        "y": 163.046630859375
      },
      "point": [
        {
          "x": -29.94393614894128,
          "y": -2.553217910704456
        },
        {
          "x": -59.88787229788256,
          "y": -6.546435821408911
        },
        {
          "x": -89.83180844682384,
          "y": -11.979653732113368
        },
        {
          "x": -119.77574459576512,
          "y": -18.852871642817824
        },
        {
          "x": -149.7196807447064,
          "y": -27.166089553522276
        },
        {
          "x": -179.66361689364768,
          "y": -36.919307464226726
        },
        {
          "x": -209.60755304258896,
          "y": -48.11252537493118
        },
        {
          "x": -239.55148919153024,
          "y": -60.74574328563564
        },
        {
          "x": -269.4954253404715,
          "y": -74.81896119634008
        },
        {
          "x": -299.4393614894128,
          "y": -90.33217910704457
        },
        {
          "x": -329.38329763835407,
          "y": -107.28539701774903
        },
        {
          "x": -359.32723378729537,
          "y": -125.67861492845347
        },
        {
          "x": -389.2711699362366,
          "y": -145.51183283915793
        },
        {
          "x": -419.2151060851779,
          "y": -166.7850507498624
        },
        {
          "x": -449.15904223411917,
          "y": -189.49826866056685
        },
        {
          "x": -479.1029783830605,
          "y": -213.6514865712713
        },
        {
          "x": -509.0469145320018,
          "y": -239.24470448197573
        },
        {
          "x": -538.990850680943,
          "y": -266.27792239268024
        },
        {
          "x": -568.9347868298843,
          "y": -294.75114030338466
        }
      ]
    },
    {
      "position": {
        "x": 696.1057739257812,
        "y": 210.6390380859375
      },
      "point": [
        {
          "x": 23.999981048576608,
          "y": 17.28002526853681
        },
        {
          "x": 47.999962097153215,
          "y": 33.12005053707362
        },
        {
          "x": 71.99994314572982,
          "y": 47.52007580561043
        },
        {
          "x": 95.99992419430643,
          "y": 60.48010107414724
        },
        {
          "x": 119.99990524288305,
          "y": 72.00012634268406
        },
        {
          "x": 143.99988629145963,
          "y": 82.08015161122086
        },
        {
          "x": 167.99986734003625,
          "y": 90.72017687975767
        },
        {
          "x": 191.99984838861286,
          "y": 97.92020214829448
        },
        {
          "x": 215.99982943718948,
          "y": 103.68022741683129
        },
        {
          "x": 239.9998104857661,
          "y": 108.00025268536811
        },
        {
          "x": 263.9997915343427,
          "y": 110.88027795390491
        },
        {
          "x": 287.99977258291926,
          "y": 112.32030322244174
        },
        {
          "x": 311.9997536314959,
          "y": 112.32032849097854
        },
        {
          "x": 335.9997346800725,
          "y": 110.88035375951534
        },
        {
          "x": 359.9997157286491,
          "y": 108.00037902805215
        },
        {
          "x": 383.9996967772257,
          "y": 103.68040429658896
        },
        {
          "x": 407.99967782580234,
          "y": 97.92042956512577
        },
        {
          "x": 431.99965887437895,
          "y": 90.72045483366259
        },
        {
          "x": 455.99963992295557,
          "y": 82.08048010219939
        }
      ]
    }
  ]
}