{
  "__type__": "cc.JsonAsset",
  "_name": "guanka39",
  "_objFlags": 0,
  "_native": "",
  "json": [
    {
      "position": {
        "x": 240,
        "y": 230.15997314453125
      },
      "point": [
        {
          "x": 14.010720280958902,
          "y": 25.807339052545895
        },
        {
          "x": 28.021440561917803,
          "y": 50.17467810509179
        },
        {
          "x": 42.032160842876706,
          "y": 73.10201715763769
        },
        {
          "x": 56.042881123835606,
          "y": 94.58935621018358
        },
        {
          "x": 70.0536014047945,
          "y": 114.63669526272949
        },
        {
          "x": 84.06432168575341,
          "y": 133.24403431527537
        },
        {
          "x": 98.0750419667123,
          "y": 150.41137336782128
        },
        {
          "x": 112.08576224767121,
          "y": 166.13871242036717
        },
        {
          "x": 126.09648252863012,
          "y": 180.4260514729131
        },
        {
          "x": 140.107202809589,
          "y": 193.27339052545898
        },
        {
          "x": 154.11792309054792,
          "y": 204.68072957800484
        },
        {
          "x": 168.12864337150683,
          "y": 214.64806863055077
        },
        {
          "x": 182.13936365246573,
          "y": 223.1754076830967
        },
        {
          "x": 196.1500839334246,
          "y": 230.26274673564254
        },
        {
          "x": 210.16080421438352,
          "y": 235.91008578818847
        },
        {
          "x": 224.17152449534242,
          "y": 240.11742484073434
        },
        {
          "x": 238.18224477630133,
          "y": 242.88476389328025
        },
        {
          "x": 252.19296505726024,
          "y": 244.21210294582613
        },
        {
          "x": 266.20368533821915,
          "y": 244.09944199837207
        }
      ]
    }
  ]
}