{
  "__type__": "cc.JsonAsset",
  "_name": "guanka31",
  "_objFlags": 0,
  "_native": "",
  "json": [
    {
      "position": {
        "x": 140,
        "y": 230.15997314453125
      },
      "point": [
        {
          "x": 29.14562531203824,
          "y": 6.388623296410877
        },
        {
          "x": 58.29125062407648,
          "y": 11.337246592821755
        },
        {
          "x": 87.43687593611472,
          "y": 14.845869889232633
        },
        {
          "x": 116.58250124815297,
          "y": 16.914493185643508
        },
        {
          "x": 145.7281265601912,
          "y": 17.543116482054387
        },
        {
          "x": 174.87375187222943,
          "y": 16.731739778465265
        },
        {
          "x": 204.01937718426768,
          "y": 14.480363074876141
        },
        {
          "x": 233.16500249630593,
          "y": 10.788986371287018
        },
        {
          "x": 262.3106278083442,
          "y": 5.657609667697896
        },
        {
          "x": 291.4562531203824,
          "y": -0.913767035891226
        },
        {
          "x": 320.6018784324207,
          "y": -8.92514373948035
        },
        {
          "x": 349.74750374445887,
          "y": -18.37652044306947
        },
        {
          "x": 378.8931290564971,
          "y": -29.267897146658594
        },
        {
          "x": 408.03875436853536,
          "y": -41.59927385024771
        },
        {
          "x": 437.1843796805736,
          "y": -55.37065055383684
        },
        {
          "x": 466.33000499261186,
          "y": -70.58202725742596
        },
        {
          "x": 495.4756303046501,
          "y": -87.23340396101509
        },
        {
          "x": 524.6212556166884,
          "y": -105.3247806646042
        },
        {
          "x": 553.7668809287266,
          "y": -124.85615736819332
        }
      ]
    },
    {
      "position": {
        "x": 1182.9827880859375,
        "y": 230.1565399169922
      },
      "point": [
        {
          "x": 29.78524447750128,
          "y": 2.863184535504598
        },
        {
          "x": 59.57048895500256,
          "y": 4.2863690710091955
        },
        {
          "x": 89.35573343250384,
          "y": 4.269553606513793
        },
        {
          "x": 119.14097791000512,
          "y": 2.8127381420183917
        },
        {
          "x": 148.9262223875064,
          "y": -0.08407732247701034
        },
        {
          "x": 178.71146686500768,
          "y": -4.420892786972412
        },
        {
          "x": 208.49671134250895,
          "y": -10.197708251467814
        },
        {
          "x": 238.28195582001024,
          "y": -17.41452371596322
        },
        {
          "x": 268.06720029751153,
          "y": -26.071339180458622
        },
        {
          "x": 297.8524447750128,
          "y": -36.16815464495402
        },
        {
          "x": 327.63768925251406,
          "y": -47.70497010944943
        },
        {
          "x": 357.42293373001536,
          "y": -60.68178557394483
        },
        {
          "x": 387.20817820751665,
          "y": -75.09860103844024
        },
        {
          "x": 416.9934226850179,
          "y": -90.95541650293563
        },
        {
          "x": 446.7786671625192,
          "y": -108.25223196743104
        },
        {
          "x": 476.5639116400205,
          "y": -126.98904743192644
        },
        {
          "x": 506.3491561175218,
          "y": -147.16586289642183
        },
        {
          "x": 536.1344005950231,
          "y": -168.78267836091726
        },
        {
          "x": 565.9196450725243,
          "y": -191.83949382541266
        }
      ]
    }
  ]
}