{
  "__type__": "cc.JsonAsset",
  "_name": "guanka9",
  "_objFlags": 0,
  "_native": "",
  "json": [
    {
      "position": {
        "x": 1329.6751708984375,
        "y": 410.1599426269531
      },
      "point": [
        {
          "x": -17.96658564025392,
          "y": 23.305024462660207
        },
        {
          "x": -35.93317128050784,
          "y": 45.170048925320415
        },
        {
          "x": -53.89975692076176,
          "y": 65.59507338798062
        },
        {
          "x": -71.86634256101568,
          "y": 84.58009785064083
        },
        {
          "x": -89.83292820126961,
          "y": 102.12512231330103
        },
        {
          "x": -107.79951384152352,
          "y": 118.23014677596126
        },
        {
          "x": -125.76609948177745,
          "y": 132.89517123862146
        },
        {
          "x": -143.73268512203137,
          "y": 146.12019570128166
        },
        {
          "x": -161.6992707622853,
          "y": 157.90522016394186
        },
        {
          "x": -179.66585640253922,
          "y": 168.25024462660207
        },
        {
          "x": -197.63244204279314,
          "y": 177.15526908926228
        },
        {
          "x": -215.59902768304704,
          "y": 184.6202935519225
        },
        {
          "x": -233.56561332330097,
          "y": 190.6453180145827
        },
        {
          "x": -251.5321989635549,
          "y": 195.2303424772429
        },
        {
          "x": -269.4987846038088,
          "y": 198.37536693990313
        },
        {
          "x": -287.46537024406274,
          "y": 200.08039140256332
        },
        {
          "x": -305.43195588431666,
          "y": 200.34541586522352
        },
        {
          "x": -323.3985415245706,
          "y": 199.17044032788374
        },
        {
          "x": -341.3651271648245,
          "y": 196.55546479054394
        }
      ]
    }
  ]
}