{
  "__type__": "cc.TiledMapAsset",
  "_name": "guan113",
  "_objFlags": 0,
  "_native": "",
  "tmxXmlStr": "<?xml version=\"1.0\" encoding=\"UTF-8\"?>\r\n<map version=\"1.0\" tiledversion=\"1.1.3\" orientation=\"orthogonal\" renderorder=\"right-down\" width=\"80\" height=\"40\" tilewidth=\"20\" tileheight=\"20\" infinite=\"0\" nextobjectid=\"230\">\r\n <objectgroup name=\"duixiang\">\r\n  <object id=\"128\" name=\"hero\" x=\"100\" y=\"700\" width=\"60\" height=\"60\"/>\r\n  <object id=\"129\" name=\"star\" x=\"1260\" y=\"-200\" width=\"60\" height=\"60\"/>\r\n  <object id=\"135\" name=\"map\" type=\"2\" x=\"-80\" y=\"360\" width=\"60\" height=\"60\">\r\n   <properties>\r\n    <property name=\"caidan\" type=\"bool\" value=\"false\"/>\r\n    <property name=\"step1\" type=\"int\" value=\"9\"/>\r\n    <property name=\"step2\" type=\"int\" value=\"6\"/>\r\n    <property name=\"step3\" type=\"int\" value=\"5\"/>\r\n   </properties>\r\n  </object>\r\n  <object id=\"200\" name=\"floor\" x=\"0\" y=\"760\" width=\"1600\" height=\"40\"/>\r\n  <object id=\"214\" name=\"tanlizhangai\" x=\"540\" y=\"740\" width=\"580\" height=\"20\"/>\r\n  <object id=\"217\" name=\"chuan\" x=\"0\" y=\"240\" width=\"580\" height=\"20\"/>\r\n  <object id=\"220\" name=\"chuan\" x=\"0\" y=\"500\" width=\"340\" height=\"20\"/>\r\n  <object id=\"221\" name=\"jian\" type=\"1\" x=\"340\" y=\"480\" width=\"260\" height=\"20\">\r\n   <properties>\r\n    <property name=\"x1\" type=\"int\" value=\"-340\"/>\r\n    <property name=\"y1\" type=\"int\" value=\"0\"/>\r\n   </properties>\r\n  </object>\r\n  <object id=\"222\" name=\"chuan\" x=\"1020\" y=\"300\" width=\"440\" height=\"20\"/>\r\n  <object id=\"223\" name=\"chuan\" x=\"1200\" y=\"-140\" width=\"180\" height=\"20\"/>\r\n  <object id=\"225\" name=\"yuandy\" x=\"460\" y=\"100\" width=\"140\" height=\"140\">\r\n   <ellipse/>\r\n  </object>\r\n  <object id=\"227\" name=\"floor\" x=\"1360\" y=\"260\" width=\"20\" height=\"40\"/>\r\n  <object id=\"228\" name=\"floor\" x=\"1240\" y=\"260\" width=\"20\" height=\"40\"/>\r\n  <object id=\"229\" name=\"juqing\" type=\"juqing\" x=\"1240\" y=\"-200\" width=\"100\" height=\"80\">\r\n   <properties>\r\n    <property name=\"tiaojian\" value=\"{&quot;time&quot;:0.7}\"/>\r\n    <property name=\"type\" value=\"[{&quot;time&quot;:3,&quot;timescale&quot;:0.1,&quot;moshi&quot;:1,&quot;scale&quot;:0.5,&quot;mubiao&quot;:1,&quot;anim1&quot;:0,&quot;anim2&quot;:0}, {&quot;time&quot;:4,&quot;timescale&quot;:0.08,&quot;moshi&quot;:1,&quot;scale&quot;:1,&quot;mubiao&quot;:0,&quot;anim1&quot;:1,&quot;anim2&quot;:1}]\"/>\r\n    <property name=\"yinyue\" value=\"dengdaoni\"/>\r\n   </properties>\r\n  </object>\r\n </objectgroup>\r\n</map>\r\n",
  "textures": [],
  "textureNames": [],
  "tsxFiles": [],
  "tsxFileNames": []
}