{
  "__type__": "cc.TiledMapAsset",
  "_name": "guan45",
  "_objFlags": 0,
  "_native": "",
  "tmxXmlStr": "<?xml version=\"1.0\" encoding=\"UTF-8\"?>\r\n<map version=\"1.0\" tiledversion=\"1.1.3\" orientation=\"orthogonal\" renderorder=\"right-down\" width=\"100\" height=\"50\" tilewidth=\"20\" tileheight=\"20\" infinite=\"0\" nextobjectid=\"214\">\r\n <objectgroup name=\"duixiang\">\r\n  <object id=\"128\" name=\"hero\" x=\"240\" y=\"900\" width=\"60\" height=\"60\"/>\r\n  <object id=\"129\" name=\"star\" x=\"1100\" y=\"600\" width=\"60\" height=\"60\"/>\r\n  <object id=\"135\" name=\"map\" type=\"2\" x=\"420\" y=\"240\">\r\n   <properties>\r\n    <property name=\"caidan\" type=\"bool\" value=\"true\"/>\r\n    <property name=\"step1\" type=\"int\" value=\"6\"/>\r\n    <property name=\"step2\" type=\"int\" value=\"8\"/>\r\n    <property name=\"step3\" type=\"int\" value=\"5\"/>\r\n   </properties>\r\n  </object>\r\n  <object id=\"200\" name=\"floor\" x=\"0\" y=\"960\" width=\"2000\" height=\"40\"/>\r\n  <object id=\"201\" name=\"chuan\" x=\"60\" y=\"780\" width=\"320\" height=\"20\"/>\r\n  <object id=\"202\" name=\"chuan\" x=\"60\" y=\"640\" width=\"320\" height=\"20\"/>\r\n  <object id=\"203\" name=\"floor\" x=\"560\" y=\"260\" width=\"240\" height=\"560\"/>\r\n  <object id=\"205\" name=\"floordy\" x=\"245\" y=\"698\" width=\"116\" height=\"75\"/>\r\n  <object id=\"206\" name=\"tanlizhangai\" x=\"940\" y=\"760\" width=\"520\" height=\"20\"/>\r\n  <object id=\"208\" name=\"chuan\" x=\"1100\" y=\"660\" width=\"60\" height=\"20\"/>\r\n  <object id=\"210\" name=\"chuan\" x=\"1640\" y=\"240\" width=\"340\" height=\"20\"/>\r\n  <object id=\"211\" name=\"caidan\" x=\"1780\" y=\"160\" width=\"60\" height=\"80\"/>\r\n  <object id=\"213\" name=\"juqing\" type=\"juqing\" x=\"130\" y=\"77\" width=\"100\" height=\"80\">\r\n   <properties>\r\n    <property name=\"tiaojian\" value=\"{&quot;getcaidan&quot;:true}\"/>\r\n    <property name=\"type\" value=\"[{&quot;time&quot;:2,&quot;timescale&quot;:1,&quot;moshi&quot;:0,&quot;scale&quot;:1,&quot;mubiao&quot;:0,&quot;anim1&quot;:0,&quot;anim2&quot;:0}]\"/>\r\n    <property name=\"yinyue\" value=\"qilongzhu\"/>\r\n   </properties>\r\n  </object>\r\n </objectgroup>\r\n</map>\r\n",
  "textures": [],
  "textureNames": [],
  "tsxFiles": [],
  "tsxFileNames": []
}