{
  "__type__": "cc.TiledMapAsset",
  "_name": "guan67",
  "_objFlags": 0,
  "_native": "",
  "tmxXmlStr": "<?xml version=\"1.0\" encoding=\"UTF-8\"?>\r\n<map version=\"1.0\" tiledversion=\"1.1.3\" orientation=\"orthogonal\" renderorder=\"right-down\" width=\"80\" height=\"40\" tilewidth=\"20\" tileheight=\"20\" infinite=\"0\" nextobjectid=\"256\">\r\n <objectgroup name=\"duixiang\">\r\n  <object id=\"128\" name=\"hero\" x=\"280\" y=\"680\" width=\"60\" height=\"60\"/>\r\n  <object id=\"129\" name=\"star\" x=\"1400\" y=\"120\" width=\"60\" height=\"60\"/>\r\n  <object id=\"135\" name=\"map\" type=\"2\" x=\"98\" y=\"77\">\r\n   <properties>\r\n    <property name=\"caidan\" type=\"bool\" value=\"false\"/>\r\n    <property name=\"step1\" type=\"int\" value=\"15\"/>\r\n    <property name=\"step2\" type=\"int\" value=\"8\"/>\r\n    <property name=\"step3\" type=\"int\" value=\"5\"/>\r\n   </properties>\r\n  </object>\r\n  <object id=\"247\" name=\"objst\" x=\"0\" y=\"740\">\r\n   <polygon points=\"0,0 580,0 580,-200 720,-460 920,-460 920,60 0,60\"/>\r\n  </object>\r\n  <object id=\"248\" name=\"floor\" x=\"1240\" y=\"50\" width=\"360\" height=\"60\"/>\r\n  <object id=\"249\" name=\"floor\" x=\"1240\" y=\"180\" width=\"360\" height=\"60\"/>\r\n  <object id=\"250\" name=\"floor\" x=\"0\" y=\"380\" width=\"20\" height=\"360\"/>\r\n  <object id=\"254\" name=\"objdy\" x=\"20\" y=\"440\">\r\n   <polygon points=\"0,0 140,40 200,220 140,220 140,300 0,300\"/>\r\n  </object>\r\n  <object id=\"255\" name=\"juqing\" type=\"juqing\" x=\"1400\" y=\"120\" width=\"60\" height=\"60\">\r\n   <properties>\r\n    <property name=\"tiaojian\" value=\"{&quot;time&quot;:0.4}\"/>\r\n    <property name=\"type\" value=\"[{&quot;time&quot;:3,&quot;timescale&quot;:0.1,&quot;moshi&quot;:1,&quot;scale&quot;:2,&quot;mubiao&quot;:0,&quot;anim1&quot;:1,&quot;anim2&quot;:0}, {&quot;time&quot;:4,&quot;timescale&quot;:0.06,&quot;moshi&quot;:0,&quot;scale&quot;:2,&quot;mubiao&quot;:0,&quot;anim1&quot;:1,&quot;anim2&quot;:1}]\"/>\r\n    <property name=\"yinyue\" value=\"ganghaoyujianni\"/>\r\n   </properties>\r\n  </object>\r\n </objectgroup>\r\n</map>\r\n",
  "textures": [],
  "textureNames": [],
  "tsxFiles": [],
  "tsxFileNames": []
}