{
  "__type__": "cc.TiledMapAsset",
  "_name": "guan68",
  "_objFlags": 0,
  "_native": "",
  "tmxXmlStr": "<?xml version=\"1.0\" encoding=\"UTF-8\"?>\r\n<map version=\"1.0\" tiledversion=\"1.1.3\" orientation=\"orthogonal\" renderorder=\"right-down\" width=\"80\" height=\"40\" tilewidth=\"20\" tileheight=\"20\" infinite=\"0\" nextobjectid=\"252\">\r\n <objectgroup name=\"duixiang\">\r\n  <object id=\"128\" name=\"hero\" x=\"60\" y=\"680\" width=\"60\" height=\"60\"/>\r\n  <object id=\"135\" name=\"map\" type=\"2\" x=\"98\" y=\"77\">\r\n   <properties>\r\n    <property name=\"caidan\" type=\"bool\" value=\"false\"/>\r\n    <property name=\"step1\" type=\"int\" value=\"2\"/>\r\n    <property name=\"step2\" type=\"int\" value=\"2\"/>\r\n    <property name=\"step3\" type=\"int\" value=\"2\"/>\r\n   </properties>\r\n  </object>\r\n  <object id=\"210\" name=\"floor\" x=\"0\" y=\"740\" width=\"160\" height=\"60\"/>\r\n  <object id=\"238\" name=\"floordy\" x=\"340\" y=\"320\" width=\"200\" height=\"60\"/>\r\n  <object id=\"246\" name=\"star\" x=\"1280\" y=\"580\" width=\"60\" height=\"60\"/>\r\n  <object id=\"249\" name=\"tanlizhangai\" x=\"180\" y=\"740\" width=\"1300\" height=\"20\"/>\r\n  <object id=\"250\" name=\"floordy\" x=\"760\" y=\"320\" width=\"200\" height=\"60\"/>\r\n  <object id=\"251\" name=\"juqing\" type=\"juqing\" x=\"1480\" y=\"240\" width=\"100\" height=\"80\">\r\n   <properties>\r\n    <property name=\"tiaojian\" value=\"{&quot;girldie&quot;:true}\"/>\r\n    <property name=\"type\" value=\"[{&quot;time&quot;:4,&quot;timescale&quot;:0.1,&quot;moshi&quot;:1,&quot;scale&quot;:0.5,&quot;mubiao&quot;:1,&quot;anim1&quot;:0,&quot;anim2&quot;:0}, {&quot;time&quot;:3,&quot;timescale&quot;:0.15,&quot;moshi&quot;:1,&quot;scale&quot;:1,&quot;mubiao&quot;:0,&quot;anim1&quot;:0,&quot;anim2&quot;:0}]\"/>\r\n    <property name=\"yinyue\" value=\"butgirl\"/>\r\n   </properties>\r\n  </object>\r\n </objectgroup>\r\n</map>\r\n",
  "textures": [],
  "textureNames": [],
  "tsxFiles": [],
  "tsxFileNames": []
}