{
  "__type__": "cc.TiledMapAsset",
  "_name": "guan85",
  "_objFlags": 0,
  "_native": "",
  "tmxXmlStr": "<?xml version=\"1.0\" encoding=\"UTF-8\"?>\r\n<map version=\"1.0\" tiledversion=\"1.1.3\" orientation=\"orthogonal\" renderorder=\"right-down\" width=\"80\" height=\"40\" tilewidth=\"20\" tileheight=\"20\" infinite=\"0\" nextobjectid=\"241\">\r\n <objectgroup name=\"duixiang\">\r\n  <object id=\"128\" name=\"hero\" x=\"640\" y=\"660\" width=\"60\" height=\"60\"/>\r\n  <object id=\"129\" name=\"star\" x=\"1520\" y=\"140\" width=\"60\" height=\"60\"/>\r\n  <object id=\"135\" name=\"map\" type=\"2\" x=\"420\" y=\"40\">\r\n   <properties>\r\n    <property name=\"caidan\" type=\"bool\" value=\"false\"/>\r\n    <property name=\"help\" type=\"bool\" value=\"false\"/>\r\n    <property name=\"step1\" type=\"int\" value=\"15\"/>\r\n    <property name=\"step2\" type=\"int\" value=\"8\"/>\r\n    <property name=\"step3\" type=\"int\" value=\"7\"/>\r\n   </properties>\r\n  </object>\r\n  <object id=\"200\" name=\"floor\" x=\"1040\" y=\"220\" width=\"140\" height=\"40\"/>\r\n  <object id=\"228\" name=\"floordy\" x=\"620\" y=\"200\" width=\"980\" height=\"20\"/>\r\n  <object id=\"231\" name=\"floordy\" x=\"620\" y=\"120\" width=\"160\" height=\"80\"/>\r\n  <object id=\"237\" name=\"floor\" x=\"0\" y=\"740\" width=\"1340\" height=\"20\"/>\r\n  <object id=\"238\" name=\"tanlizhangai\" x=\"1340\" y=\"740\" width=\"295.204\" height=\"20\" rotation=\"-29.7369\"/>\r\n  <object id=\"239\" name=\"zhan\" x=\"960\" y=\"400\" width=\"340\" height=\"20\"/>\r\n  <object id=\"240\" name=\"juqing\" type=\"juqing\" x=\"240\" y=\"20\" width=\"100\" height=\"80\">\r\n   <properties>\r\n    <property name=\"tiaojian\" value=\"{&quot;girldie&quot;:true}\"/>\r\n    <property name=\"type\" value=\"[{&quot;time&quot;:4,&quot;timescale&quot;:0.1,&quot;moshi&quot;:1,&quot;scale&quot;:0.5,&quot;mubiao&quot;:1,&quot;anim1&quot;:0,&quot;anim2&quot;:0}, {&quot;time&quot;:3,&quot;timescale&quot;:0.15,&quot;moshi&quot;:1,&quot;scale&quot;:1,&quot;mubiao&quot;:0,&quot;anim1&quot;:0,&quot;anim2&quot;:0}]\"/>\r\n    <property name=\"yinyue\" value=\"butgirl\"/>\r\n   </properties>\r\n  </object>\r\n </objectgroup>\r\n</map>\r\n",
  "textures": [],
  "textureNames": [],
  "tsxFiles": [],
  "tsxFileNames": []
}