{
  "__type__": "cc.TiledMapAsset",
  "_name": "guan112",
  "_objFlags": 0,
  "_native": "",
  "tmxXmlStr": "<?xml version=\"1.0\" encoding=\"UTF-8\"?>\r\n<map version=\"1.0\" tiledversion=\"1.1.3\" orientation=\"orthogonal\" renderorder=\"right-down\" width=\"80\" height=\"40\" tilewidth=\"20\" tileheight=\"20\" infinite=\"0\" nextobjectid=\"291\">\r\n <objectgroup name=\"duixiang\">\r\n  <object id=\"128\" name=\"hero\" x=\"740\" y=\"720\" width=\"60\" height=\"60\"/>\r\n  <object id=\"135\" name=\"map\" type=\"2\" x=\"580\" y=\"420\" width=\"40\" height=\"40\">\r\n   <properties>\r\n    <property name=\"caidan\" type=\"bool\" value=\"false\"/>\r\n    <property name=\"step1\" type=\"int\" value=\"8\"/>\r\n    <property name=\"step2\" type=\"int\" value=\"5\"/>\r\n    <property name=\"step3\" type=\"int\" value=\"6\"/>\r\n   </properties>\r\n  </object>\r\n  <object id=\"210\" name=\"floor\" x=\"0\" y=\"780\" width=\"1260\" height=\"20\"/>\r\n  <object id=\"252\" name=\"star\" x=\"1180\" y=\"301\" width=\"60\" height=\"60\"/>\r\n  <object id=\"283\" name=\"objst\" x=\"1240\" y=\"361\">\r\n   <polygon points=\"0,0 -60,0 -940,-180 -940,20 0,20\"/>\r\n  </object>\r\n  <object id=\"284\" name=\"chuan\" x=\"0\" y=\"180\" width=\"300\" height=\"20\"/>\r\n  <object id=\"285\" name=\"yuandy\" x=\"180\" y=\"40\" width=\"140\" height=\"140\">\r\n   <ellipse/>\r\n  </object>\r\n  <object id=\"286\" name=\"juqing\" type=\"juqing\" x=\"540\" y=\"400\" width=\"100\" height=\"80\">\r\n   <properties>\r\n    <property name=\"tiaojian\" value=\"{&quot;girldie&quot;:true}\"/>\r\n    <property name=\"type\" value=\"[{&quot;time&quot;:1.5,&quot;timescale&quot;:0.1,&quot;moshi&quot;:1,&quot;scale&quot;:0.5,&quot;mubiao&quot;:1,&quot;anim1&quot;:0,&quot;anim2&quot;:0}, {&quot;time&quot;:3,&quot;timescale&quot;:0.15,&quot;moshi&quot;:1,&quot;scale&quot;:1,&quot;mubiao&quot;:0,&quot;anim1&quot;:0,&quot;anim2&quot;:0}, {&quot;time&quot;:3,&quot;timescale&quot;:0.15,&quot;moshi&quot;:1,&quot;scale&quot;:2,&quot;mubiao&quot;:0,&quot;anim1&quot;:0,&quot;anim2&quot;:0}]\"/>\r\n    <property name=\"yinyue\" value=\"butgirl\"/>\r\n   </properties>\r\n  </object>\r\n  <object id=\"288\" name=\"chuan\" x=\"0\" y=\"580\" width=\"200\" height=\"20\"/>\r\n  <object id=\"289\" name=\"chuan\" x=\"0\" y=\"440\" width=\"200\" height=\"20\"/>\r\n  <object id=\"290\" name=\"jian\" x=\"0\" y=\"160\" width=\"200\" height=\"20\"/>\r\n </objectgroup>\r\n</map>\r\n",
  "textures": [],
  "textureNames": [],
  "tsxFiles": [],
  "tsxFileNames": []
}