[
  {
    "__type__": "cc.Prefab",
    "_name": "slider",
    "_objFlags": 0,
    "_native": "",
    "data": {
      "__id__": 1
    },
    "optimizationPolicy": 1,
    "asyncLoadAssets": false
  },
  {
    "__type__": "cc.Node",
    "_name": "slider",
    "_objFlags": 0,
    "_opacity": 255,
    "_color": {
      "__type__": "cc.Color",
      "r": 255,
      "g": 255,
      "b": 255,
      "a": 255
    },
    "_cascadeOpacityEnabled": true,
    "_parent": null,
    "_anchorPoint": {
      "__type__": "cc.Vec2",
      "x": 0.5,
      "y": 0.5
    },
    "_contentSize": {
      "__type__": "cc.Size",
      "width": 300,
      "height": 20
    },
    "_children": [
      {
        "__id__": 2
      },
      {
        "__id__": 5
      }
    ],
    "_rotationX": 0,
    "_rotationY": 0,
    "_scaleX": 1,
    "_scaleY": 1,
    "_position": {
      "__type__": "cc.Vec2",
      "x": -219,
      "y": 2
    },
    "_skewX": 0,
    "_skewY": 0,
    "_localZOrder": 0,
    "_globalZOrder": 0,
    "_tag": -1,
    "_opacityModifyRGB": false,
    "_id": "",
    "_active": true,
    "_components": [
      {
        "__id__": 9
      }
    ],
    "_prefab": {
      "__id__": 10
    },
    "groupIndex": 0
  },
  {
    "__type__": "cc.Node",
    "_name": "Background",
    "_objFlags": 0,
    "_opacity": 255,
    "_color": {
      "__type__": "cc.Color",
      "r": 255,
      "g": 255,
      "b": 255,
      "a": 255
    },
    "_cascadeOpacityEnabled": true,
    "_parent": {
      "__id__": 1
    },
    "_anchorPoint": {
      "__type__": "cc.Vec2",
      "x": 0.5,
      "y": 0.5
    },
    "_contentSize": {
      "__type__": "cc.Size",
      "width": 300,
      "height": 20
    },
    "_children": [],
    "_rotationX": 0,
    "_rotationY": 0,
    "_scaleX": 1,
    "_scaleY": 1,
    "_position": {
      "__type__": "cc.Vec2",
      "x": 0,
      "y": 0
    },
    "_skewX": 0,
    "_skewY": 0,
    "_localZOrder": 0,
    "_globalZOrder": 0,
    "_tag": -1,
    "_opacityModifyRGB": false,
    "_id": "",
    "_active": true,
    "_components": [
      {
        "__id__": 3
      }
    ],
    "_prefab": {
      "__id__": 4
    },
    "groupIndex": 0
  },
  {
    "__type__": "cc.Sprite",
    "_name": "",
    "_objFlags": 0,
    "node": {
      "__id__": 2
    },
    "_enabled": true,
    "_spriteFrame": {
      "__uuid__": "a23235d1-15db-4b95-8439-a2e005bfff91"
    },
    "_type": 0,
    "_sizeMode": 0,
    "_fillType": 0,
    "_fillCenter": {
      "__type__": "cc.Vec2",
      "x": 0,
      "y": 0
    },
    "_fillStart": 0,
    "_fillRange": 0,
    "_isTrimmedMode": true,
    "_srcBlendFactor": 770,
    "_dstBlendFactor": 771,
    "_atlas": null
  },
  {
    "__type__": "cc.PrefabInfo",
    "root": {
      "__id__": 1
    },
    "asset": {
      "__id__": 0
    },
    "fileId": "f43c4gNvOtBE41OTztiOT6T",
    "sync": false
  },
  {
    "__type__": "cc.Node",
    "_name": "Handle",
    "_objFlags": 0,
    "_opacity": 255,
    "_color": {
      "__type__": "cc.Color",
      "r": 255,
      "g": 255,
      "b": 255,
      "a": 255
    },
    "_cascadeOpacityEnabled": true,
    "_parent": {
      "__id__": 1
    },
    "_anchorPoint": {
      "__type__": "cc.Vec2",
      "x": 0.5,
      "y": 0.5
    },
    "_contentSize": {
      "__type__": "cc.Size",
      "width": 20,
      "height": 40
    },
    "_children": [],
    "_rotationX": 0,
    "_rotationY": 0,
    "_scaleX": 1,
    "_scaleY": 1,
    "_position": {
      "__type__": "cc.Vec2",
      "x": 0,
      "y": 0
    },
    "_skewX": 0,
    "_skewY": 0,
    "_localZOrder": 0,
    "_globalZOrder": 0,
    "_tag": -1,
    "_opacityModifyRGB": false,
    "_id": "",
    "_active": true,
    "_components": [
      {
        "__id__": 6
      },
      {
        "__id__": 7
      }
    ],
    "_prefab": {
      "__id__": 8
    },
    "groupIndex": 0
  },
  {
    "__type__": "cc.Sprite",
    "_name": "",
    "_objFlags": 0,
    "node": {
      "__id__": 5
    },
    "_enabled": true,
    "_spriteFrame": {
      "__uuid__": "f0048c10-f03e-4c97-b9d3-3506e1d58952"
    },
    "_type": 1,
    "_sizeMode": 0,
    "_fillType": 0,
    "_fillCenter": {
      "__type__": "cc.Vec2",
      "x": 0,
      "y": 0
    },
    "_fillStart": 0,
    "_fillRange": 0,
    "_isTrimmedMode": true,
    "_srcBlendFactor": 770,
    "_dstBlendFactor": 771,
    "_atlas": null
  },
  {
    "__type__": "cc.Button",
    "_name": "",
    "_objFlags": 0,
    "node": {
      "__id__": 5
    },
    "_enabled": true,
    "transition": 2,
    "pressedColor": {
      "__type__": "cc.Color",
      "r": 255,
      "g": 255,
      "b": 255,
      "a": 255
    },
    "hoverColor": {
      "__type__": "cc.Color",
      "r": 255,
      "g": 255,
      "b": 255,
      "a": 255
    },
    "duration": 0.1,
    "zoomScale": 0.1,
    "pressedSprite": {
      "__uuid__": "e9ec654c-97a2-4787-9325-e6a10375219a"
    },
    "hoverSprite": {
      "__uuid__": "e9ec654c-97a2-4787-9325-e6a10375219a"
    },
    "clickEvents": [],
    "_N$interactable": true,
    "_N$enableAutoGrayEffect": true,
    "_N$normalColor": {
      "__type__": "cc.Color",
      "r": 255,
      "g": 255,
      "b": 255,
      "a": 255
    },
    "_N$disabledColor": {
      "__type__": "cc.Color",
      "r": 255,
      "g": 255,
      "b": 255,
      "a": 255
    },
    "_N$normalSprite": {
      "__uuid__": "f0048c10-f03e-4c97-b9d3-3506e1d58952"
    },
    "_N$disabledSprite": {
      "__uuid__": "29158224-f8dd-4661-a796-1ffab537140e"
    },
    "_N$target": {
      "__id__": 5
    }
  },
  {
    "__type__": "cc.PrefabInfo",
    "root": {
      "__id__": 1
    },
    "asset": {
      "__id__": 0
    },
    "fileId": "93f4b6UTvtD0Iy5hi3tLIn2",
    "sync": false
  },
  {
    "__type__": "cc.Slider",
    "_name": "",
    "_objFlags": 0,
    "node": {
      "__id__": 1
    },
    "_enabled": true,
    "direction": 0,
    "slideEvents": [],
    "_N$background": {
      "__id__": 3
    },
    "_N$handle": {
      "__id__": 7
    },
    "_N$progress": 0.5
  },
  {
    "__type__": "cc.PrefabInfo",
    "root": {
      "__id__": 1
    },
    "asset": {
      "__id__": 0
    },
    "fileId": "8ac42iRpDlK6pemd22ZO6x/",
    "sync": false
  }
]