{
  "__type__": "cc.AnimationClip",
  "_name": "b2",
  "_objFlags": 0,
  "_native": "",
  "_duration": 0.35,
  "sample": 60,
  "speed": 1,
  "wrapMode": "0",
  "curveData": {
    "comps": {
      "cc.Sprite": {
        "spriteFrame": [
          {
            "frame": 0,
            "value": {
              "__uuid__": "6bd98ebb-6c62-4290-81eb-a91ee424de12"
            }
          },
          {
            "frame": 0.08333333333333333,
            "value": {
              "__uuid__": "266e9013-ad3f-4de6-b814-ec2521a1df1c"
            }
          },
          {
            "frame": 0.16666666666666666,
            "value": {
              "__uuid__": "fabdb1d3-a34b-4b6f-a1de-bcede958c458"
            }
          },
          {
            "frame": 0.25,
            "value": {
              "__uuid__": "33c37e20-a7dd-41db-9661-7f7df3fdca7b"
            }
          },
          {
            "frame": 0.3333333333333333,
            "value": {
              "__uuid__": "54f3b1c1-bb54-4daf-b86a-3e87cc2dcca9"
            }
          }
        ]
      }
    }
  },
  "events": []
}