{
  "__type__": "cc.TiledMapAsset",
  "_name": "guan37",
  "_objFlags": 0,
  "_native": "",
  "tmxXmlStr": "<?xml version=\"1.0\" encoding=\"UTF-8\"?>\r\n<map version=\"1.0\" tiledversion=\"1.1.3\" orientation=\"orthogonal\" renderorder=\"right-down\" width=\"60\" height=\"80\" tilewidth=\"20\" tileheight=\"20\" infinite=\"0\" nextobjectid=\"230\">\r\n <objectgroup name=\"duixiang\">\r\n  <object id=\"128\" name=\"hero\" x=\"180\" y=\"1440\" width=\"60\" height=\"60\"/>\r\n  <object id=\"129\" name=\"star\" x=\"600\" y=\"120\" width=\"60\" height=\"60\"/>\r\n  <object id=\"135\" name=\"map\" type=\"2\" x=\"420\" y=\"840\">\r\n   <properties>\r\n    <property name=\"caidan\" type=\"bool\" value=\"false\"/>\r\n    <property name=\"step1\" type=\"int\" value=\"6\"/>\r\n    <property name=\"step2\" type=\"int\" value=\"4\"/>\r\n    <property name=\"step3\" type=\"int\" value=\"5\"/>\r\n   </properties>\r\n  </object>\r\n  <object id=\"223\" name=\"floor\" x=\"60\" y=\"1500\" width=\"320\" height=\"80\"/>\r\n  <object id=\"224\" name=\"chuan\" type=\"1\" x=\"260\" y=\"1300\" width=\"320\" height=\"20\">\r\n   <properties>\r\n    <property name=\"x1\" type=\"int\" value=\"500\"/>\r\n    <property name=\"y1\" type=\"int\" value=\"0\"/>\r\n   </properties>\r\n  </object>\r\n  <object id=\"225\" name=\"floor\" type=\"1\" x=\"780\" y=\"1140\" width=\"320\" height=\"20\">\r\n   <properties>\r\n    <property name=\"x1\" type=\"int\" value=\"-500\"/>\r\n    <property name=\"y1\" type=\"int\" value=\"400\"/>\r\n   </properties>\r\n  </object>\r\n  <object id=\"227\" name=\"zhan\" type=\"1\" x=\"940\" y=\"600\" width=\"100\" height=\"100\">\r\n   <properties>\r\n    <property name=\"x1\" type=\"int\" value=\"-400\"/>\r\n    <property name=\"x2\" type=\"int\" value=\"0\"/>\r\n    <property name=\"y1\" type=\"int\" value=\"0\"/>\r\n    <property name=\"y2\" type=\"int\" value=\"400\"/>\r\n   </properties>\r\n  </object>\r\n  <object id=\"229\" name=\"chuan\" x=\"480\" y=\"180\" width=\"300\" height=\"20\"/>\r\n </objectgroup>\r\n</map>\r\n",
  "textures": [],
  "textureNames": [],
  "tsxFiles": [],
  "tsxFileNames": []
}