{
  "__type__": "cc.TiledMapAsset",
  "_name": "guan0",
  "_objFlags": 0,
  "_native": "",
  "tmxXmlStr": "<?xml version=\"1.0\" encoding=\"UTF-8\"?>\r\n<map version=\"1.0\" tiledversion=\"1.1.3\" orientation=\"orthogonal\" renderorder=\"right-down\" width=\"80\" height=\"32\" tilewidth=\"20\" tileheight=\"20\" infinite=\"0\" nextobjectid=\"144\">\r\n <objectgroup name=\"duixiang\">\r\n  <object id=\"122\" name=\"floor\" x=\"60\" y=\"620\" width=\"320\" height=\"20\"/>\r\n  <object id=\"126\" name=\"floor\" x=\"1280\" y=\"620\" width=\"320\" height=\"20\"/>\r\n  <object id=\"127\" name=\"floor\" x=\"580\" y=\"620\" width=\"420\" height=\"20\"/>\r\n  <object id=\"128\" name=\"hero\" x=\"280\" y=\"560\" width=\"60\" height=\"60\"/>\r\n  <object id=\"129\" name=\"star\" x=\"1280\" y=\"560\" width=\"60\" height=\"60\"/>\r\n  <object id=\"135\" name=\"map\" type=\"2\" x=\"160\" y=\"40\" width=\"100\" height=\"80\">\r\n   <properties>\r\n    <property name=\"caidan\" type=\"bool\" value=\"false\"/>\r\n    <property name=\"help\" type=\"bool\" value=\"true\"/>\r\n    <property name=\"step1\" type=\"int\" value=\"4\"/>\r\n    <property name=\"step2\" type=\"int\" value=\"4\"/>\r\n    <property name=\"step3\" type=\"int\" value=\"5\"/>\r\n   </properties>\r\n  </object>\r\n  <object id=\"143\" name=\"juqing\" type=\"juqing\" x=\"1260\" y=\"540\" width=\"80\" height=\"80\">\r\n   <properties>\r\n    <property name=\"tiaojian\" value=\"{&quot;time&quot;:0.8}\"/>\r\n    <property name=\"type\" value=\"[{&quot;time&quot;:3,&quot;timescale&quot;:0.1,&quot;moshi&quot;:1,&quot;scale&quot;:2,&quot;mubiao&quot;:1,&quot;anim1&quot;:0,&quot;anim2&quot;:1}, {&quot;time&quot;:3.5,&quot;timescale&quot;:0.08,&quot;moshi&quot;:1,&quot;scale&quot;:1.2,&quot;mubiao&quot;:0,&quot;anim1&quot;:1,&quot;anim2&quot;:1}]\"/>\r\n    <property name=\"yinyue\" value=\"manmanxihuanni\"/>\r\n   </properties>\r\n  </object>\r\n </objectgroup>\r\n</map>\r\n",
  "textures": [],
  "textureNames": [],
  "tsxFiles": [],
  "tsxFileNames": []
}