{
  "__type__": "dragonBones.DragonBonesAsset",
  "_name": "mulovebeng_ske",
  "_objFlags": 0,
  "_native": "",
  "_dragonBonesJson": "{\"frameRate\":24,\"isGlobal\":0,\"armature\":[{\"aabb\":{\"width\":78,\"y\":-33.5625,\"height\":67,\"x\":-39.1625},\"defaultActions\":[{\"gotoAndPlay\":\"waitxia\"}],\"type\":\"Armature\",\"frameRate\":24,\"ik\":[],\"animation\":[{\"frame\":[],\"ik\":[],\"bone\":[{\"frame\":[{\"duration\":40,\"transform\":{}}],\"name\":\"root\"},{\"frame\":[{\"tweenEasing\":0,\"duration\":20,\"transform\":{}},{\"tweenEasing\":0,\"duration\":20,\"transform\":{\"y\":5,\"x\":4}},{\"duration\":0,\"transform\":{}}],\"name\":\"bone1\"},{\"frame\":[{\"tweenEasing\":0,\"duration\":20,\"transform\":{}},{\"tweenEasing\":0,\"duration\":20,\"transform\":{\"y\":5}},{\"duration\":0,\"transform\":{}}],\"name\":\"bone2\"},{\"frame\":[{\"tweenEasing\":0,\"duration\":20,\"transform\":{}},{\"tweenEasing\":0,\"duration\":20,\"transform\":{\"y\":5,\"x\":-4}},{\"duration\":0,\"transform\":{}}],\"name\":\"bone3\"},{\"frame\":[{\"tweenEasing\":0,\"duration\":20,\"transform\":{}},{\"tweenEasing\":0,\"duration\":20,\"transform\":{\"y\":3,\"x\":2}},{\"duration\":0,\"transform\":{}}],\"name\":\"bone4\"},{\"frame\":[{\"tweenEasing\":0,\"duration\":20,\"transform\":{}},{\"tweenEasing\":0,\"duration\":20,\"transform\":{\"y\":3,\"x\":-2}},{\"duration\":0,\"transform\":{}}],\"name\":\"bone6\"},{\"frame\":[{\"tweenEasing\":0,\"duration\":20,\"transform\":{}},{\"tweenEasing\":0,\"duration\":20,\"transform\":{\"x\":-2}},{\"duration\":0,\"transform\":{}}],\"name\":\"bone7\"},{\"frame\":[{\"tweenEasing\":0,\"duration\":20,\"transform\":{}},{\"tweenEasing\":0,\"duration\":20,\"transform\":{\"y\":0.01}},{\"duration\":0,\"transform\":{}}],\"name\":\"bone8\"},{\"frame\":[{\"tweenEasing\":0,\"duration\":20,\"transform\":{}},{\"tweenEasing\":0,\"duration\":20,\"transform\":{\"x\":2}},{\"duration\":0,\"transform\":{}}],\"name\":\"bone9\"},{\"frame\":[{\"tweenEasing\":0,\"duration\":20,\"transform\":{}},{\"tweenEasing\":0,\"duration\":20,\"transform\":{\"y\":3}},{\"duration\":0,\"transform\":{}}],\"name\":\"bone5\"},{\"frame\":[{\"duration\":40,\"transform\":{}}],\"name\":\"taoxinbone\"},{\"frame\":[{\"duration\":40,\"transform\":{}}],\"name\":\"taoxinbone2\"}],\"ffd\":[],\"duration\":40,\"name\":\"waitxia\",\"slot\":[{\"frame\":[{\"tweenEasing\":null,\"duration\":40}],\"name\":\"boypt\"}],\"playTimes\":0},{\"frame\":[],\"ik\":[],\"bone\":[{\"frame\":[{\"duration\":40,\"transform\":{}}],\"name\":\"root\"},{\"frame\":[{\"tweenEasing\":0,\"duration\":20,\"transform\":{}},{\"tweenEasing\":0,\"duration\":20,\"transform\":{\"y\":5,\"x\":4}},{\"duration\":0,\"transform\":{}}],\"name\":\"bone1\"},{\"frame\":[{\"tweenEasing\":0,\"duration\":20,\"transform\":{}},{\"tweenEasing\":0,\"duration\":20,\"transform\":{\"y\":5}},{\"duration\":0,\"transform\":{}}],\"name\":\"bone2\"},{\"frame\":[{\"tweenEasing\":0,\"duration\":20,\"transform\":{}},{\"tweenEasing\":0,\"duration\":20,\"transform\":{\"y\":5,\"x\":-4}},{\"duration\":0,\"transform\":{}}],\"name\":\"bone3\"},{\"frame\":[{\"tweenEasing\":0,\"duration\":20,\"transform\":{}},{\"tweenEasing\":0,\"duration\":20,\"transform\":{\"y\":3,\"x\":2}},{\"duration\":0,\"transform\":{}}],\"name\":\"bone4\"},{\"frame\":[{\"tweenEasing\":0,\"duration\":20,\"transform\":{}},{\"tweenEasing\":0,\"duration\":20,\"transform\":{\"y\":3,\"x\":-2}},{\"duration\":0,\"transform\":{}}],\"name\":\"bone6\"},{\"frame\":[{\"tweenEasing\":0,\"duration\":20,\"transform\":{}},{\"tweenEasing\":0,\"duration\":20,\"transform\":{\"x\":-2}},{\"duration\":0,\"transform\":{}}],\"name\":\"bone7\"},{\"frame\":[{\"tweenEasing\":0,\"duration\":20,\"transform\":{}},{\"tweenEasing\":0,\"duration\":20,\"transform\":{\"y\":0.01}},{\"duration\":0,\"transform\":{}}],\"name\":\"bone8\"},{\"frame\":[{\"tweenEasing\":0,\"duration\":20,\"transform\":{}},{\"tweenEasing\":0,\"duration\":20,\"transform\":{\"x\":2}},{\"duration\":0,\"transform\":{}}],\"name\":\"bone9\"},{\"frame\":[{\"tweenEasing\":0,\"duration\":20,\"transform\":{}},{\"tweenEasing\":0,\"duration\":20,\"transform\":{\"y\":3}},{\"duration\":0,\"transform\":{}}],\"name\":\"bone5\"},{\"frame\":[{\"duration\":40,\"transform\":{}}],\"name\":\"taoxinbone\"},{\"frame\":[{\"duration\":40,\"transform\":{}}],\"name\":\"taoxinbone2\"}],\"ffd\":[],\"duration\":40,\"name\":\"girlwait\",\"slot\":[{\"frame\":[{\"tweenEasing\":null,\"displayIndex\":3,\"duration\":40}],\"name\":\"boypt\"}],\"playTimes\":0},{\"frame\":[],\"ik\":[],\"bone\":[{\"frame\":[{\"duration\":40,\"transform\":{}}],\"name\":\"root\"},{\"frame\":[{\"tweenEasing\":0,\"duration\":20,\"transform\":{}},{\"tweenEasing\":0,\"duration\":20,\"transform\":{\"y\":5,\"x\":4}},{\"duration\":0,\"transform\":{}}],\"name\":\"bone1\"},{\"frame\":[{\"tweenEasing\":0,\"duration\":20,\"transform\":{}},{\"tweenEasing\":0,\"duration\":20,\"transform\":{\"y\":5}},{\"duration\":0,\"transform\":{}}],\"name\":\"bone2\"},{\"frame\":[{\"tweenEasing\":0,\"duration\":20,\"transform\":{}},{\"tweenEasing\":0,\"duration\":20,\"transform\":{\"y\":5,\"x\":-4}},{\"duration\":0,\"transform\":{}}],\"name\":\"bone3\"},{\"frame\":[{\"tweenEasing\":0,\"duration\":20,\"transform\":{}},{\"tweenEasing\":0,\"duration\":20,\"transform\":{\"y\":3,\"x\":2}},{\"duration\":0,\"transform\":{}}],\"name\":\"bone4\"},{\"frame\":[{\"tweenEasing\":0,\"duration\":20,\"transform\":{}},{\"tweenEasing\":0,\"duration\":20,\"transform\":{\"y\":3,\"x\":-2}},{\"duration\":0,\"transform\":{}}],\"name\":\"bone6\"},{\"frame\":[{\"tweenEasing\":0,\"duration\":20,\"transform\":{}},{\"tweenEasing\":0,\"duration\":20,\"transform\":{\"x\":-2}},{\"duration\":0,\"transform\":{}}],\"name\":\"bone7\"},{\"frame\":[{\"tweenEasing\":0,\"duration\":20,\"transform\":{}},{\"tweenEasing\":0,\"duration\":20,\"transform\":{\"y\":0.01}},{\"duration\":0,\"transform\":{}}],\"name\":\"bone8\"},{\"frame\":[{\"tweenEasing\":0,\"duration\":20,\"transform\":{}},{\"tweenEasing\":0,\"duration\":20,\"transform\":{\"x\":2}},{\"duration\":0,\"transform\":{}}],\"name\":\"bone9\"},{\"frame\":[{\"tweenEasing\":0,\"duration\":20,\"transform\":{}},{\"tweenEasing\":0,\"duration\":20,\"transform\":{\"y\":3}},{\"duration\":0,\"transform\":{}}],\"name\":\"bone5\"},{\"frame\":[{\"tweenEasing\":0,\"duration\":20,\"transform\":{\"y\":37.2214,\"scX\":0.1,\"scY\":0.1,\"x\":-25.1045}},{\"tweenEasing\":0,\"duration\":20,\"transform\":{\"y\":-1.9396,\"scX\":0.3,\"scY\":0.3,\"x\":-23.8655}},{\"duration\":0,\"transform\":{\"y\":-35.6874,\"scX\":0.5,\"scY\":0.5,\"x\":-23.8655}}],\"name\":\"taoxinbone\"},{\"frame\":[{\"tweenEasing\":0,\"duration\":20,\"transform\":{\"y\":-28.3504,\"scX\":0.3,\"scY\":0.3,\"x\":-15.7907}},{\"tweenEasing\":0,\"duration\":20,\"transform\":{\"skX\":9.3928,\"y\":-62.3369,\"skY\":9.3928,\"scX\":0.6,\"scY\":0.6,\"x\":-15.7907}},{\"duration\":0,\"transform\":{\"skX\":9.3928,\"y\":-110.1043,\"skY\":9.3928,\"scX\":0.7,\"scY\":0.7,\"x\":-39.1264}}],\"name\":\"taoxinbone2\"}],\"ffd\":[],\"duration\":40,\"name\":\"aixingirl\",\"slot\":[{\"frame\":[{\"tweenEasing\":null,\"displayIndex\":2,\"duration\":40}],\"name\":\"boypt\"},{\"frame\":[{\"tweenEasing\":0,\"duration\":20,\"color\":{\"aM\":12}},{\"tweenEasing\":0,\"duration\":20,\"color\":{\"aM\":35}},{\"tweenEasing\":null,\"duration\":0,\"color\":{\"aM\":75}}],\"name\":\"taoxin\"},{\"frame\":[{\"tweenEasing\":0,\"duration\":20,\"color\":{\"aM\":35}},{\"tweenEasing\":null,\"duration\":20}],\"name\":\"taoxin1\"}],\"playTimes\":0},{\"frame\":[],\"ik\":[],\"bone\":[{\"frame\":[{\"duration\":20,\"transform\":{}}],\"name\":\"root\"},{\"frame\":[{\"tweenEasing\":0,\"duration\":10,\"transform\":{}},{\"tweenEasing\":0,\"duration\":10,\"transform\":{\"y\":-17.4416,\"x\":-19.5347}},{\"duration\":0,\"transform\":{}}],\"name\":\"bone1\"},{\"frame\":[{\"tweenEasing\":0,\"duration\":10,\"transform\":{}},{\"tweenEasing\":0,\"duration\":10,\"transform\":{\"y\":-21.1488,\"x\":12.7861}},{\"duration\":0,\"transform\":{}}],\"name\":\"bone2\"},{\"frame\":[{\"tweenEasing\":0,\"duration\":10,\"transform\":{}},{\"tweenEasing\":0,\"duration\":10,\"transform\":{\"y\":-24.0821,\"x\":2.5184}},{\"duration\":0,\"transform\":{}}],\"name\":\"bone3\"},{\"frame\":[{\"tweenEasing\":0,\"duration\":10,\"transform\":{}},{\"tweenEasing\":0,\"duration\":10,\"transform\":{\"y\":-12.1428,\"x\":-0.8581}},{\"duration\":0,\"transform\":{}}],\"name\":\"bone4\"},{\"frame\":[{\"tweenEasing\":0,\"duration\":10,\"transform\":{}},{\"tweenEasing\":0,\"duration\":10,\"transform\":{\"y\":1.4958,\"x\":-11.0255}},{\"duration\":0,\"transform\":{}}],\"name\":\"bone6\"},{\"frame\":[{\"tweenEasing\":0,\"duration\":10,\"transform\":{}},{\"tweenEasing\":0,\"duration\":10,\"transform\":{\"y\":-4.964,\"x\":17.7056}},{\"duration\":0,\"transform\":{}}],\"name\":\"bone7\"},{\"frame\":[{\"tweenEasing\":0,\"duration\":10,\"transform\":{}},{\"tweenEasing\":0,\"duration\":10,\"transform\":{\"y\":9.5369,\"x\":1.7299}},{\"duration\":0,\"transform\":{}}],\"name\":\"bone8\"},{\"frame\":[{\"tweenEasing\":0,\"duration\":10,\"transform\":{}},{\"tweenEasing\":0,\"duration\":10,\"transform\":{\"y\":-6.017,\"x\":-10.5354}},{\"duration\":0,\"transform\":{}}],\"name\":\"bone9\"},{\"frame\":[{\"tweenEasing\":0,\"duration\":10,\"transform\":{}},{\"tweenEasing\":0,\"duration\":10,\"transform\":{\"y\":-18.8116,\"x\":5.7663}},{\"duration\":0,\"transform\":{}}],\"name\":\"bone5\"},{\"frame\":[{\"duration\":20,\"transform\":{}}],\"name\":\"taoxinbone\"},{\"frame\":[{\"duration\":20,\"transform\":{}}],\"name\":\"taoxinbone2\"}],\"ffd\":[],\"duration\":20,\"name\":\"jinjiao\",\"slot\":[{\"frame\":[{\"tweenEasing\":null,\"duration\":20}],\"name\":\"boypt\"}],\"playTimes\":0},{\"frame\":[],\"ik\":[],\"bone\":[{\"frame\":[{\"duration\":40,\"transform\":{}}],\"name\":\"root\"},{\"frame\":[{\"tweenEasing\":0,\"duration\":20,\"transform\":{}},{\"tweenEasing\":0,\"duration\":20,\"transform\":{\"y\":5,\"x\":4}},{\"duration\":0,\"transform\":{}}],\"name\":\"bone1\"},{\"frame\":[{\"tweenEasing\":0,\"duration\":20,\"transform\":{}},{\"tweenEasing\":0,\"duration\":20,\"transform\":{\"y\":5}},{\"duration\":0,\"transform\":{}}],\"name\":\"bone2\"},{\"frame\":[{\"tweenEasing\":0,\"duration\":20,\"transform\":{}},{\"tweenEasing\":0,\"duration\":20,\"transform\":{\"y\":5,\"x\":-4}},{\"duration\":0,\"transform\":{}}],\"name\":\"bone3\"},{\"frame\":[{\"tweenEasing\":0,\"duration\":20,\"transform\":{}},{\"tweenEasing\":0,\"duration\":20,\"transform\":{\"y\":3,\"x\":2}},{\"duration\":0,\"transform\":{}}],\"name\":\"bone4\"},{\"frame\":[{\"tweenEasing\":0,\"duration\":20,\"transform\":{}},{\"tweenEasing\":0,\"duration\":20,\"transform\":{\"y\":3,\"x\":-2}},{\"duration\":0,\"transform\":{}}],\"name\":\"bone6\"},{\"frame\":[{\"tweenEasing\":0,\"duration\":20,\"transform\":{}},{\"tweenEasing\":0,\"duration\":20,\"transform\":{\"x\":-2}},{\"duration\":0,\"transform\":{}}],\"name\":\"bone7\"},{\"frame\":[{\"tweenEasing\":0,\"duration\":20,\"transform\":{}},{\"tweenEasing\":0,\"duration\":20,\"transform\":{\"y\":0.01}},{\"duration\":0,\"transform\":{}}],\"name\":\"bone8\"},{\"frame\":[{\"tweenEasing\":0,\"duration\":20,\"transform\":{}},{\"tweenEasing\":0,\"duration\":20,\"transform\":{\"x\":2}},{\"duration\":0,\"transform\":{}}],\"name\":\"bone9\"},{\"frame\":[{\"tweenEasing\":0,\"duration\":20,\"transform\":{}},{\"tweenEasing\":0,\"duration\":20,\"transform\":{\"y\":3}},{\"duration\":0,\"transform\":{}}],\"name\":\"bone5\"},{\"frame\":[{\"tweenEasing\":0,\"duration\":20,\"transform\":{\"y\":37.2214,\"scX\":0.1,\"scY\":0.1,\"x\":-25.1045}},{\"tweenEasing\":0,\"duration\":20,\"transform\":{\"y\":-1.9396,\"scX\":0.3,\"scY\":0.3,\"x\":-23.8655}},{\"duration\":0,\"transform\":{\"y\":-35.6874,\"scX\":0.5,\"scY\":0.5,\"x\":-23.8655}}],\"name\":\"taoxinbone\"},{\"frame\":[{\"tweenEasing\":0,\"duration\":20,\"transform\":{\"y\":-28.3504,\"scX\":0.3,\"scY\":0.3,\"x\":-15.7907}},{\"tweenEasing\":0,\"duration\":20,\"transform\":{\"skX\":9.3928,\"y\":-62.3369,\"skY\":9.3928,\"scX\":0.6,\"scY\":0.6,\"x\":-15.7907}},{\"duration\":0,\"transform\":{\"skX\":9.3928,\"y\":-110.1043,\"skY\":9.3928,\"scX\":0.7,\"scY\":0.7,\"x\":-39.1264}}],\"name\":\"taoxinbone2\"}],\"ffd\":[],\"duration\":40,\"name\":\"aixinboy\",\"slot\":[{\"frame\":[{\"tweenEasing\":null,\"displayIndex\":1,\"duration\":40}],\"name\":\"boypt\"},{\"frame\":[{\"tweenEasing\":0,\"duration\":20,\"color\":{\"aM\":12}},{\"tweenEasing\":0,\"duration\":20,\"color\":{\"aM\":35}},{\"tweenEasing\":null,\"duration\":0,\"color\":{\"aM\":75}}],\"name\":\"taoxin\"},{\"frame\":[{\"tweenEasing\":0,\"duration\":20,\"color\":{\"aM\":35}},{\"tweenEasing\":null,\"duration\":20}],\"name\":\"taoxin1\"}],\"playTimes\":0}],\"skin\":[{\"name\":\"\",\"slot\":[{\"display\":[{\"bonePose\":[1,1,0,0,1,-32,-25,2,1,0,0,1,32,0,3,1,0,0,1,0,-25,5,1,0,0,1,32,-25,4,1,0,0,1,-32,25,7,1,0,0,1,-32,0,6,1,0,0,1,32,25,8,1,0,0,1,0,25,9,6.123233995736766e-17,-1,1,6.123233995736766e-17,0,0],\"vertices\":[-39,-33.5,39,-33.5,-39,33.5,39,33.5,-0.65,-33.5,-0.65,33.5,39,-0.25,-39,-0.25,-1.1,0.65],\"triangles\":[4,8,6,4,6,1,6,8,3,8,5,3,2,5,8,7,2,8,0,7,8,0,8,4],\"edges\":[0,4,4,1,3,5,5,2,1,6,6,3,2,7,7,0],\"weights\":[4,1,0.8159963055175729,7,0.08447347026169111,3,0.06209920103185671,9,0.03743102318887949,4,5,0.8159963055175729,2,0.08447347026169111,3,0.06209920103185671,9,0.03743102318887949,4,4,0.8159963055175729,7,0.08447347026169111,8,0.06209920103185671,9,0.03743102318887949,4,6,0.8159963055175729,2,0.08447347026169111,8,0.06209920103185671,9,0.03743102318887949,4,1,0.05752126754583311,3,0.8351041666758543,9,0.05405771278155564,5,0.05331685299675695,4,8,0.8351041666758543,4,0.05752126754583311,9,0.05405771278155564,6,0.05331685299675695,4,2,0.8489843266919431,5,0.06296199305178794,6,0.06066933968622443,9,0.027384340570044602,4,1,0.06087001268833196,7,0.8490522732325981,4,0.06270333636426513,9,0.02737437771480475,4,9,0.993114289877783,8,0.002728783694252513,3,0.002459686145388797,7,0.0016972402825756886],\"type\":\"mesh\",\"transform\":{\"y\":-0.0625,\"x\":-0.1625},\"uvs\":[0,0,1,0,0,1,1,1,0.49167,0,0.49167,1,1,0.49627,0,0.50299,0.4859,0.5097],\"userEdges\":[],\"width\":78,\"path\":\"boypt\",\"height\":67,\"name\":\"boypt\",\"slotPose\":[1,0,0,1,0,0]},{\"bonePose\":[1,1,0,0,1,-32,-25,2,1,0,0,1,32,0,3,1,0,0,1,0,-25,5,1,0,0,1,32,-25,4,1,0,0,1,-32,25,7,1,0,0,1,-32,0,6,1,0,0,1,32,25,8,1,0,0,1,0,25,9,6.123233995736766e-17,-1,1,6.123233995736766e-17,0,0],\"vertices\":[-39,-33.5,39,-33.5,-39,33.5,39,33.5,-0.65,-33.5,-0.65,33.5,39,-0.25,-39,-0.25,-1.1,0.65],\"triangles\":[4,8,6,4,6,1,6,8,3,8,5,3,2,5,8,7,2,8,0,7,8,0,8,4],\"edges\":[0,4,4,1,3,5,5,2,1,6,6,3,2,7,7,0],\"weights\":[4,1,0.8159963055175729,7,0.08447347026169111,3,0.06209920103185671,9,0.03743102318887949,4,5,0.8159963055175729,2,0.08447347026169111,3,0.06209920103185671,9,0.03743102318887949,4,4,0.8159963055175729,7,0.08447347026169111,8,0.06209920103185671,9,0.03743102318887949,4,6,0.8159963055175729,2,0.08447347026169111,8,0.06209920103185671,9,0.03743102318887949,4,1,0.05752126754583311,3,0.8351041666758543,9,0.05405771278155564,5,0.05331685299675695,4,8,0.8351041666758543,4,0.05752126754583311,9,0.05405771278155564,6,0.05331685299675695,4,2,0.8489843266919431,5,0.06296199305178794,6,0.06066933968622443,9,0.027384340570044602,4,1,0.06087001268833196,7,0.8490522732325981,4,0.06270333636426513,9,0.02737437771480475,4,9,0.993114289877783,8,0.002728783694252513,3,0.002459686145388797,7,0.0016972402825756886],\"type\":\"mesh\",\"transform\":{},\"uvs\":[0,0,1,0,0,1,1,1,0.49167,0,0.49167,1,1,0.49627,0,0.50299,0.4859,0.5097],\"userEdges\":[],\"width\":78,\"path\":\"boyai\",\"height\":67,\"name\":\"boyai\",\"slotPose\":[1,0,0,1,0,0]},{\"bonePose\":[1,1,0,0,1,-32,-25,2,1,0,0,1,32,0,3,1,0,0,1,0,-25,5,1,0,0,1,32,-25,4,1,0,0,1,-32,25,7,1,0,0,1,-32,0,6,1,0,0,1,32,25,8,1,0,0,1,0,25,9,6.123233995736766e-17,-1,1,6.123233995736766e-17,0,0],\"vertices\":[-39,-33.5,39,-33.5,-39,33.5,39,33.5,-0.65,-33.5,-0.65,33.5,39,-0.25,-39,-0.25,-1.1,0.65],\"triangles\":[4,8,6,4,6,1,6,8,3,8,5,3,2,5,8,7,2,8,0,7,8,0,8,4],\"edges\":[0,4,4,1,3,5,5,2,1,6,6,3,2,7,7,0],\"weights\":[4,1,0.8159963055175729,7,0.08447347026169111,3,0.06209920103185671,9,0.03743102318887949,4,5,0.8159963055175729,2,0.08447347026169111,3,0.06209920103185671,9,0.03743102318887949,4,4,0.8159963055175729,7,0.08447347026169111,8,0.06209920103185671,9,0.03743102318887949,4,6,0.8159963055175729,2,0.08447347026169111,8,0.06209920103185671,9,0.03743102318887949,4,1,0.05752126754583311,3,0.8351041666758543,9,0.05405771278155564,5,0.05331685299675695,4,8,0.8351041666758543,4,0.05752126754583311,9,0.05405771278155564,6,0.05331685299675695,4,2,0.8489843266919431,5,0.06296199305178794,6,0.06066933968622443,9,0.027384340570044602,4,1,0.06087001268833196,7,0.8490522732325981,4,0.06270333636426513,9,0.02737437771480475,4,9,0.993114289877783,8,0.002728783694252513,3,0.002459686145388797,7,0.0016972402825756886],\"type\":\"mesh\",\"transform\":{},\"uvs\":[0,0,1,0,0,1,1,1,0.49167,0,0.49167,1,1,0.49627,0,0.50299,0.4859,0.5097],\"userEdges\":[],\"width\":78,\"path\":\"girlaixin\",\"height\":67,\"name\":\"girlaixin\",\"slotPose\":[1,0,0,1,0,0]},{\"bonePose\":[1,1,0,0,1,-32,-25,2,1,0,0,1,32,0,3,1,0,0,1,0,-25,5,1,0,0,1,32,-25,4,1,0,0,1,-32,25,7,1,0,0,1,-32,0,6,1,0,0,1,32,25,8,1,0,0,1,0,25,9,6.123233995736766e-17,-1,1,6.123233995736766e-17,0,0],\"vertices\":[-39,-33.5,39,-33.5,-39,33.5,39,33.5,-0.65,-33.5,-0.65,33.5,39,-0.25,-39,-0.25,-1.1,0.65],\"triangles\":[4,8,6,4,6,1,6,8,3,8,5,3,2,5,8,7,2,8,0,7,8,0,8,4],\"edges\":[0,4,4,1,3,5,5,2,1,6,6,3,2,7,7,0],\"weights\":[4,1,0.8159963055175729,7,0.08447347026169111,3,0.06209920103185671,9,0.03743102318887949,4,5,0.8159963055175729,2,0.08447347026169111,3,0.06209920103185671,9,0.03743102318887949,4,4,0.8159963055175729,7,0.08447347026169111,8,0.06209920103185671,9,0.03743102318887949,4,6,0.8159963055175729,2,0.08447347026169111,8,0.06209920103185671,9,0.03743102318887949,4,1,0.05752126754583311,3,0.8351041666758543,9,0.05405771278155564,5,0.05331685299675695,4,8,0.8351041666758543,4,0.05752126754583311,9,0.05405771278155564,6,0.05331685299675695,4,2,0.8489843266919431,5,0.06296199305178794,6,0.06066933968622443,9,0.027384340570044602,4,1,0.06087001268833196,7,0.8490522732325981,4,0.06270333636426513,9,0.02737437771480475,4,9,0.993114289877783,8,0.002728783694252513,3,0.002459686145388797,7,0.0016972402825756886],\"type\":\"mesh\",\"transform\":{},\"uvs\":[0,0,1,0,0,1,1,1,0.49167,0,0.49167,1,1,0.49627,0,0.50299,0.4859,0.5097],\"userEdges\":[],\"width\":78,\"path\":\"girlpt\",\"height\":67,\"name\":\"girlpt\",\"slotPose\":[1,0,0,1,0,0]}],\"name\":\"boypt\"},{\"display\":[{\"path\":\"taoxin\",\"type\":\"image\",\"name\":\"taoxin\",\"transform\":{\"skX\":91.5059,\"y\":-33.6885,\"skY\":91.5059,\"x\":-42.8795}}],\"name\":\"taoxin\"},{\"display\":[{\"path\":\"taoxin\",\"type\":\"image\",\"name\":\"taoxin\",\"transform\":{\"skX\":79.3928,\"skY\":79.3928}}],\"name\":\"taoxin1\"}]}],\"name\":\"Armature\",\"slot\":[{\"name\":\"boypt\",\"parent\":\"root\",\"color\":{}},{\"displayIndex\":-1,\"z\":1,\"name\":\"taoxin\",\"parent\":\"taoxinbone\",\"color\":{}},{\"displayIndex\":-1,\"z\":2,\"name\":\"taoxin1\",\"parent\":\"taoxinbone2\",\"color\":{}}],\"bone\":[{\"name\":\"root\",\"transform\":{}},{\"transform\":{\"y\":-25,\"x\":-32},\"name\":\"bone1\",\"parent\":\"root\"},{\"transform\":{\"x\":32},\"name\":\"bone6\",\"parent\":\"root\"},{\"transform\":{\"y\":-25},\"name\":\"bone2\",\"parent\":\"root\"},{\"transform\":{\"y\":25,\"x\":-32},\"name\":\"bone7\",\"parent\":\"root\"},{\"transform\":{\"y\":-25,\"x\":32},\"name\":\"bone3\",\"parent\":\"root\"},{\"transform\":{\"y\":25,\"x\":32},\"name\":\"bone9\",\"parent\":\"root\"},{\"transform\":{\"x\":-32},\"name\":\"bone4\",\"parent\":\"root\"},{\"transform\":{\"y\":25},\"name\":\"bone8\",\"parent\":\"root\"},{\"transform\":{\"skX\":-90,\"skY\":-90},\"name\":\"bone5\",\"parent\":\"root\"},{\"length\":47,\"transform\":{\"skX\":-91.5059,\"y\":-43.75,\"skY\":-91.5059,\"x\":32.55},\"parent\":\"root\",\"name\":\"taoxinbone\"},{\"length\":42,\"transform\":{\"skX\":-79.3928,\"y\":-9.55,\"skY\":-79.3928,\"x\":19.1},\"parent\":\"root\",\"name\":\"taoxinbone2\"}]}],\"name\":\"mulovebeng\",\"version\":\"4.5\"}"
}