{
  "__type__": "cc.JsonAsset",
  "_name": "guanka17",
  "_objFlags": 0,
  "_native": "",
  "json": [
    {
      "position": {
        "x": 1115.50048828125,
        "y": 90.15997314453125
      },
      "point": [
        {
          "x": 29.59180996846864,
          "y": 4.212016097909631
        },
        {
          "x": 59.18361993693728,
          "y": 6.984032195819262
        },
        {
          "x": 88.77542990540593,
          "y": 8.316048293728892
        },
        {
          "x": 118.36723987387457,
          "y": 8.208064391638525
        },
        {
          "x": 147.9590498423432,
          "y": 6.660080489548156
        },
        {
          "x": 177.55085981081186,
          "y": 3.672096587457787
        },
        {
          "x": 207.14266977928048,
          "y": -0.7558873146325817
        },
        {
          "x": 236.73447974774913,
          "y": -6.62387121672295
        },
        {
          "x": 266.3262897162178,
          "y": -13.931855118813319
        },
        {
          "x": 295.9180996846864,
          "y": -22.679839020903685
        },
        {
          "x": 325.50990965315503,
          "y": -32.86782292299406
        },
        {
          "x": 355.1017196216237,
          "y": -44.49580682508442
        },
        {
          "x": 384.69352959009234,
          "y": -57.5637907271748
        },
        {
          "x": 414.28533955856096,
          "y": -72.07177462926516
        },
        {
          "x": 443.87714952702964,
          "y": -88.01975853135554
        },
        {
          "x": 473.46895949549827,
          "y": -105.4077424334459
        },
        {
          "x": 503.0607694639669,
          "y": -124.23572633553628
        },
        {
          "x": 532.6525794324356,
          "y": -144.50371023762665
        },
        {
          "x": 562.2443894009042,
          "y": -166.21169413971703
        }
      ]
    }
  ]
}