{
  "__type__": "cc.JsonAsset",
  "_name": "guanka107",
  "_objFlags": 0,
  "_native": "",
  "json": [
    {
      "position": {
        "x": 995.251953125,
        "y": 270.57745361328125
      },
      "point": [
        {
          "x": -29.43222781998566,
          "y": 5.088955633542211
        },
        {
          "x": -58.86445563997132,
          "y": 8.737911267084423
        },
        {
          "x": -88.29668345995698,
          "y": 10.946866900626633
        },
        {
          "x": -117.72891127994264,
          "y": 11.715822534168844
        },
        {
          "x": -147.1611390999283,
          "y": 11.044778167711055
        },
        {
          "x": -176.59336691991396,
          "y": 8.933733801253265
        },
        {
          "x": -206.02559473989962,
          "y": 5.382689434795478
        },
        {
          "x": -235.45782255988527,
          "y": 0.3916450683376888
        },
        {
          "x": -264.89005037987096,
          "y": -6.0393992981201
        },
        {
          "x": -294.3222781998566,
          "y": -13.91044366457789
        },
        {
          "x": -323.75450601984227,
          "y": -23.221488031035676
        },
        {
          "x": -353.1867338398279,
          "y": -33.97253239749347
        },
        {
          "x": -382.6189616598136,
          "y": -46.163576763951255
        },
        {
          "x": -412.05118947979923,
          "y": -59.79462113040904
        },
        {
          "x": -441.4834172997849,
          "y": -74.86566549686685
        },
        {
          "x": -470.91564511977055,
          "y": -91.37670986332463
        },
        {
          "x": -500.3478729397562,
          "y": -109.32775422978241
        },
        {
          "x": -529.7801007597419,
          "y": -128.71879859624022
        },
        {
          "x": -559.2123285797276,
          "y": -149.54984296269802
        }
      ]
    },
    {
      "position": {
        "x": 1019.2996215820312,
        "y": 410.5431823730469
      },
      "point": [
        {
          "x": 11.447919776639601,
          "y": 27.00985994893634
        },
        {
          "x": 22.895839553279203,
          "y": 52.57971989787268
        },
        {
          "x": 34.343759329918804,
          "y": 76.70957984680902
        },
        {
          "x": 45.791679106558405,
          "y": 99.39943979574537
        },
        {
          "x": 57.239598883198006,
          "y": 120.6492997446817
        },
        {
          "x": 68.68751865983761,
          "y": 140.45915969361803
        },
        {
          "x": 80.13543843647722,
          "y": 158.82901964255439
        },
        {
          "x": 91.58335821311681,
          "y": 175.7588795914907
        },
        {
          "x": 103.0312779897564,
          "y": 191.24873954042707
        },
        {
          "x": 114.47919776639601,
          "y": 205.29859948936343
        },
        {
          "x": 125.92711754303562,
          "y": 217.90845943829976
        },
        {
          "x": 137.37503731967522,
          "y": 229.0783193872361
        },
        {
          "x": 148.8229570963148,
          "y": 238.80817933617243
        },
        {
          "x": 160.27087687295443,
          "y": 247.0980392851088
        },
        {
          "x": 171.71879664959403,
          "y": 253.9478992340451
        },
        {
          "x": 183.16671642623362,
          "y": 259.35775918298145
        },
        {
          "x": 194.6146362028732,
          "y": 263.3276191319178
        },
        {
          "x": 206.0625559795128,
          "y": 265.85747908085415
        },
        {
          "x": 217.51047575615243,
          "y": 266.9473390297905
        }
      ]
    }
  ]
}