{
  "__type__": "cc.JsonAsset",
  "_name": "guanka41",
  "_objFlags": 0,
  "_native": "",
  "json": [
    {
      "position": {
        "x": 983.8740844726562,
        "y": 310.1599426269531
      },
      "point": [
        {
          "x": 16.26091847645129,
          "y": 24.490762192012465
        },
        {
          "x": 32.52183695290258,
          "y": 47.54152438402493
        },
        {
          "x": 48.78275542935387,
          "y": 69.1522865760374
        },
        {
          "x": 65.04367390580516,
          "y": 89.32304876804986
        },
        {
          "x": 81.30459238225646,
          "y": 108.05381096006232
        },
        {
          "x": 97.56551085870774,
          "y": 125.34457315207479
        },
        {
          "x": 113.82642933515903,
          "y": 141.19533534408725
        },
        {
          "x": 130.08734781161033,
          "y": 155.60609753609972
        },
        {
          "x": 146.3482662880616,
          "y": 168.57685972811217
        },
        {
          "x": 162.60918476451292,
          "y": 180.10762192012464
        },
        {
          "x": 178.8701032409642,
          "y": 190.19838411213712
        },
        {
          "x": 195.13102171741548,
          "y": 198.8491463041496
        },
        {
          "x": 211.3919401938668,
          "y": 206.05990849616202
        },
        {
          "x": 227.65285867031807,
          "y": 211.8306706881745
        },
        {
          "x": 243.91377714676938,
          "y": 216.16143288018696
        },
        {
          "x": 260.17469562322066,
          "y": 219.05219507219945
        },
        {
          "x": 276.43561409967197,
          "y": 220.50295726421191
        },
        {
          "x": 292.6965325761232,
          "y": 220.51371945622435
        },
        {
          "x": 308.9574510525745,
          "y": 219.08448164823685
        }
      ]
    }
  ]
}