{
  "__type__": "cc.JsonAsset",
  "_name": "guanka76",
  "_objFlags": 0,
  "_native": "",
  "json": [
    {
      "position": {
        "x": 1196.169921875,
        "y": 210.31715393066406
      },
      "point": [
        {
          "x": 14.884167277185345,
          "y": 25.327294762887853
        },
        {
          "x": 29.76833455437069,
          "y": 49.21458952577571
        },
        {
          "x": 44.65250183155604,
          "y": 71.66188428866357
        },
        {
          "x": 59.53666910874138,
          "y": 92.66917905155141
        },
        {
          "x": 74.42083638592672,
          "y": 112.23647381443926
        },
        {
          "x": 89.30500366311207,
          "y": 130.36376857732714
        },
        {
          "x": 104.18917094029742,
          "y": 147.05106334021497
        },
        {
          "x": 119.07333821748276,
          "y": 162.29835810310283
        },
        {
          "x": 133.9575054946681,
          "y": 176.1056528659907
        },
        {
          "x": 148.84167277185344,
          "y": 188.47294762887853
        },
        {
          "x": 163.7258400490388,
          "y": 199.4002423917664
        },
        {
          "x": 178.61000732622415,
          "y": 208.88753715465424
        },
        {
          "x": 193.49417460340948,
          "y": 216.9348319175421
        },
        {
          "x": 208.37834188059483,
          "y": 223.54212668042993
        },
        {
          "x": 223.26250915778016,
          "y": 228.7094214433178
        },
        {
          "x": 238.1466764349655,
          "y": 232.43671620620566
        },
        {
          "x": 253.03084371215087,
          "y": 234.72401096909354
        },
        {
          "x": 267.9150109893362,
          "y": 235.57130573198137
        },
        {
          "x": 282.79917826652155,
          "y": 234.97860049486923
        }
      ]
    }
  ]
}