{
  "__type__": "cc.JsonAsset",
  "_name": "guanka30",
  "_objFlags": 0,
  "_native": "",
  "json": [
    {
      "position": {
        "x": 1062.3663330078125,
        "y": 426.7536315917969
      },
      "point": [
        {
          "x": 12.044253205446749,
          "y": 26.756098062190084
        },
        {
          "x": 24.088506410893498,
          "y": 52.07219612438016
        },
        {
          "x": 36.132759616340245,
          "y": 75.94829418657025
        },
        {
          "x": 48.177012821786995,
          "y": 98.38439224876034
        },
        {
          "x": 60.221266027233746,
          "y": 119.38049031095042
        },
        {
          "x": 72.26551923268049,
          "y": 138.9365883731405
        },
        {
          "x": 84.30977243812724,
          "y": 157.0526864353306
        },
        {
          "x": 96.35402564357399,
          "y": 173.72878449752068
        },
        {
          "x": 108.39827884902074,
          "y": 188.96488255971073
        },
        {
          "x": 120.44253205446749,
          "y": 202.76098062190084
        },
        {
          "x": 132.48678525991423,
          "y": 215.11707868409093
        },
        {
          "x": 144.53103846536098,
          "y": 226.033176746281
        },
        {
          "x": 156.57529167080773,
          "y": 235.50927480847108
        },
        {
          "x": 168.61954487625448,
          "y": 243.5453728706612
        },
        {
          "x": 180.66379808170123,
          "y": 250.14147093285123
        },
        {
          "x": 192.70805128714798,
          "y": 255.29756899504133
        },
        {
          "x": 204.75230449259473,
          "y": 259.01366705723143
        },
        {
          "x": 216.79655769804148,
          "y": 261.28976511942153
        },
        {
          "x": 228.84081090348823,
          "y": 262.1258631816116
        }
      ]
    }
  ]
}