{
  "__type__": "cc.JsonAsset",
  "_name": "guanka36",
  "_objFlags": 0,
  "_native": "",
  "json": [
    {
      "position": {
        "x": 516.9962768554688,
        "y": 490.1599426269531
      },
      "point": [
        {
          "x": 16.24213520321138,
          "y": 24.502867482516766
        },
        {
          "x": 32.48427040642276,
          "y": 47.565734965033535
        },
        {
          "x": 48.72640560963414,
          "y": 69.1886024475503
        },
        {
          "x": 64.96854081284552,
          "y": 89.37146993006706
        },
        {
          "x": 81.2106760160569,
          "y": 108.11433741258384
        },
        {
          "x": 97.45281121926828,
          "y": 125.41720489510058
        },
        {
          "x": 113.69494642247966,
          "y": 141.28007237761736
        },
        {
          "x": 129.93708162569104,
          "y": 155.70293986013414
        },
        {
          "x": 146.1792168289024,
          "y": 168.68580734265092
        },
        {
          "x": 162.4213520321138,
          "y": 180.22867482516767
        },
        {
          "x": 178.66348723532516,
          "y": 190.33154230768443
        },
        {
          "x": 194.90562243853657,
          "y": 198.99440979020122
        },
        {
          "x": 211.14775764174794,
          "y": 206.21727727271798
        },
        {
          "x": 227.38989284495932,
          "y": 212.00014475523474
        },
        {
          "x": 243.6320280481707,
          "y": 216.34301223775148
        },
        {
          "x": 259.8741632513821,
          "y": 219.24587972026828
        },
        {
          "x": 276.11629845459345,
          "y": 220.70874720278505
        },
        {
          "x": 292.3584336578048,
          "y": 220.7316146853018
        },
        {
          "x": 308.6005688610162,
          "y": 219.31448216781857
        }
      ]
    }
  ]
}