{
  "__type__": "cc.JsonAsset",
  "_name": "guanka18",
  "_objFlags": 0,
  "_native": "",
  "json": [
    {
      "position": {
        "x": 1049.901123046875,
        "y": 410.1599426269531
      },
      "point": [
        {
          "x": 19.908525062822523,
          "y": 21.722161879439504
        },
        {
          "x": 39.817050125645046,
          "y": 42.004323758879
        },
        {
          "x": 59.72557518846757,
          "y": 60.84648563831851
        },
        {
          "x": 79.63410025129009,
          "y": 78.24864751775802
        },
        {
          "x": 99.54262531411261,
          "y": 94.21080939719751
        },
        {
          "x": 119.45115037693515,
          "y": 108.73297127663702
        },
        {
          "x": 139.35967543975767,
          "y": 121.81513315607653
        },
        {
          "x": 159.26820050258019,
          "y": 133.457295035516
        },
        {
          "x": 179.1767255654027,
          "y": 143.6594569149555
        },
        {
          "x": 199.08525062822523,
          "y": 152.42161879439502
        },
        {
          "x": 218.99377569104774,
          "y": 159.74378067383452
        },
        {
          "x": 238.9023007538703,
          "y": 165.62594255327403
        },
        {
          "x": 258.8108258166928,
          "y": 170.06810443271354
        },
        {
          "x": 278.71935087951533,
          "y": 173.07026631215305
        },
        {
          "x": 298.6278759423378,
          "y": 174.63242819159254
        },
        {
          "x": 318.53640100516037,
          "y": 174.75459007103206
        },
        {
          "x": 338.4449260679829,
          "y": 173.43675195047155
        },
        {
          "x": 358.3534511308054,
          "y": 170.67891382991104
        },
        {
          "x": 378.26197619362796,
          "y": 166.48107570935056
        }
      ]
    }
  ]
}