{
  "__type__": "cc.AnimationClip",
  "_name": "setshow",
  "_objFlags": 0,
  "_rawFiles": null,
  "_duration": 0.3333333333333333,
  "sample": 60,
  "speed": 1,
  "wrapMode": 1,
  "curveData": {
    "props": {
      "scale": [
        {
          "frame": 0,
          "value": {
            "__type__": "cc.Vec2",
            "x": 0.2,
            "y": 0.2
          }
        },
        {
          "frame": 0.3333333333333333,
          "value": {
            "__type__": "cc.Vec2",
            "x": 1,
            "y": 1
          }
        }
      ],
      "position": [
        {
          "frame": 0,
          "value": [
            0,
            -700
          ]
        },
        {
          "frame": 0.3333333333333333,
          "value": [
            0,
            -16
          ]
        }
      ]
    }
  },
  "events": []
}