{
  "__type__": "cc.JsonAsset",
  "_name": "guanka74",
  "_objFlags": 0,
  "_native": "",
  "json": [
    {
      "position": {
        "x": 160,
        "y": 70.15997314453125
      },
      "point": [
        {
          "x": 26.54757611584752,
          "y": 13.25233704049835
        },
        {
          "x": 53.09515223169504,
          "y": 25.064674080996703
        },
        {
          "x": 79.64272834754256,
          "y": 35.437011121495054
        },
        {
          "x": 106.19030446339008,
          "y": 44.3693481619934
        },
        {
          "x": 132.73788057923758,
          "y": 51.861685202491756
        },
        {
          "x": 159.28545669508512,
          "y": 57.9140222429901
        },
        {
          "x": 185.83303281093265,
          "y": 62.52635928348846
        },
        {
          "x": 212.38060892678016,
          "y": 65.69869632398681
        },
        {
          "x": 238.92818504262766,
          "y": 67.43103336448516
        },
        {
          "x": 265.47576115847517,
          "y": 67.72337040498351
        },
        {
          "x": 292.0233372743227,
          "y": 66.57570744548187
        },
        {
          "x": 318.57091339017023,
          "y": 63.98804448598021
        },
        {
          "x": 345.11848950601774,
          "y": 59.96038152647857
        },
        {
          "x": 371.6660656218653,
          "y": 54.49271856697692
        },
        {
          "x": 398.2136417377128,
          "y": 47.58505560747527
        },
        {
          "x": 424.7612178535603,
          "y": 39.23739264797362
        },
        {
          "x": 451.3087939694078,
          "y": 29.44972968847197
        },
        {
          "x": 477.8563700852553,
          "y": 18.222066728970322
        },
        {
          "x": 504.4039462011029,
          "y": 5.554403769468673
        }
      ]
    }
  ]
}