{
  "__type__": "cc.TiledMapAsset",
  "_name": "guan39",
  "_objFlags": 0,
  "_native": "",
  "tmxXmlStr": "<?xml version=\"1.0\" encoding=\"UTF-8\"?>\r\n<map version=\"1.0\" tiledversion=\"1.1.3\" orientation=\"orthogonal\" renderorder=\"right-down\" width=\"80\" height=\"40\" tilewidth=\"20\" tileheight=\"20\" infinite=\"0\" nextobjectid=\"211\">\r\n <objectgroup name=\"duixiang\">\r\n  <object id=\"128\" name=\"hero\" x=\"240\" y=\"540\" width=\"60\" height=\"60\"/>\r\n  <object id=\"129\" name=\"star\" x=\"1360\" y=\"540\" width=\"60\" height=\"60\"/>\r\n  <object id=\"135\" name=\"map\" type=\"2\" x=\"420\" y=\"40\">\r\n   <properties>\r\n    <property name=\"caidan\" type=\"bool\" value=\"false\"/>\r\n    <property name=\"help\" type=\"bool\" value=\"true\"/>\r\n    <property name=\"step1\" type=\"int\" value=\"1\"/>\r\n    <property name=\"step2\" type=\"int\" value=\"1\"/>\r\n    <property name=\"step3\" type=\"int\" value=\"1\"/>\r\n   </properties>\r\n  </object>\r\n  <object id=\"200\" name=\"floor\" x=\"0\" y=\"600\" width=\"460\" height=\"200\"/>\r\n  <object id=\"207\" name=\"floor\" x=\"1080\" y=\"600\" width=\"515\" height=\"200\"/>\r\n  <object id=\"208\" name=\"tanlizhangai\" x=\"640\" y=\"740\" width=\"280\" height=\"20\"/>\r\n  <object id=\"210\" name=\"juqing\" type=\"juqing\" x=\"1340\" y=\"520\" width=\"100\" height=\"80\">\r\n   <properties>\r\n    <property name=\"tiaojian\" value=\"{&quot;time&quot;:1.1}\"/>\r\n    <property name=\"type\" value=\"[{&quot;time&quot;:3,&quot;timescale&quot;:0.1,&quot;moshi&quot;:1,&quot;scale&quot;:2,&quot;mubiao&quot;:1,&quot;anim1&quot;:0,&quot;anim2&quot;:0}, {&quot;time&quot;:2.4,&quot;timescale&quot;:0.15,&quot;moshi&quot;:1,&quot;scale&quot;:1.2,&quot;mubiao&quot;:0,&quot;anim1&quot;:1,&quot;anim2&quot;:1}]\"/>\r\n    <property name=\"yinyue\" value=\"manmanxihuanni\"/>\r\n   </properties>\r\n  </object>\r\n </objectgroup>\r\n</map>\r\n",
  "textures": [],
  "textureNames": [],
  "tsxFiles": [],
  "tsxFileNames": []
}