{
  "__type__": "cc.TiledMapAsset",
  "_name": "guan109",
  "_objFlags": 0,
  "_native": "",
  "tmxXmlStr": "<?xml version=\"1.0\" encoding=\"UTF-8\"?>\r\n<map version=\"1.0\" tiledversion=\"1.1.3\" orientation=\"orthogonal\" renderorder=\"right-down\" width=\"80\" height=\"40\" tilewidth=\"20\" tileheight=\"20\" infinite=\"0\" nextobjectid=\"318\">\r\n <objectgroup name=\"duixiang\">\r\n  <object id=\"128\" name=\"hero\" x=\"40\" y=\"680\" width=\"60\" height=\"60\"/>\r\n  <object id=\"135\" name=\"map\" type=\"2\" x=\"40\" y=\"400\">\r\n   <properties>\r\n    <property name=\"caidan\" type=\"bool\" value=\"false\"/>\r\n    <property name=\"help\" type=\"bool\" value=\"false\"/>\r\n    <property name=\"step1\" type=\"int\" value=\"8\"/>\r\n    <property name=\"step2\" type=\"int\" value=\"6\"/>\r\n    <property name=\"step3\" type=\"int\" value=\"5\"/>\r\n   </properties>\r\n  </object>\r\n  <object id=\"274\" name=\"floor\" x=\"0\" y=\"740\" width=\"500\" height=\"60\"/>\r\n  <object id=\"285\" name=\"star\" x=\"480\" y=\"20\" width=\"60\" height=\"60\"/>\r\n  <object id=\"294\" name=\"floor\" x=\"260\" y=\"700\" width=\"240\" height=\"20\"/>\r\n  <object id=\"295\" name=\"floor\" x=\"320\" y=\"660\" width=\"240\" height=\"20\"/>\r\n  <object id=\"296\" name=\"floor\" x=\"380\" y=\"620\" width=\"240\" height=\"20\"/>\r\n  <object id=\"297\" name=\"floor\" x=\"440\" y=\"580\" width=\"240\" height=\"20\"/>\r\n  <object id=\"298\" name=\"floor\" x=\"500\" y=\"540\" width=\"240\" height=\"20\"/>\r\n  <object id=\"299\" name=\"floor\" x=\"560\" y=\"500\" width=\"240\" height=\"20\"/>\r\n  <object id=\"300\" name=\"floor\" x=\"620\" y=\"460\" width=\"240\" height=\"20\"/>\r\n  <object id=\"305\" name=\"floor\" x=\"620\" y=\"280\" width=\"240\" height=\"20\"/>\r\n  <object id=\"306\" name=\"floor\" x=\"560\" y=\"240\" width=\"240\" height=\"20\"/>\r\n  <object id=\"307\" name=\"floor\" x=\"500\" y=\"200\" width=\"240\" height=\"20\"/>\r\n  <object id=\"308\" name=\"floor\" x=\"440\" y=\"160\" width=\"240\" height=\"20\"/>\r\n  <object id=\"309\" name=\"floor\" x=\"380\" y=\"120\" width=\"240\" height=\"20\"/>\r\n  <object id=\"310\" name=\"floor\" x=\"320\" y=\"80\" width=\"240\" height=\"20\"/>\r\n  <object id=\"315\" name=\"tanlizhangai\" x=\"1140\" y=\"780\" width=\"280\" height=\"20\" rotation=\"-12.0357\"/>\r\n  <object id=\"317\" name=\"juqing\" type=\"juqing\" x=\"460\" y=\"0\" width=\"100\" height=\"80\">\r\n   <properties>\r\n    <property name=\"tiaojian\" value=\"{&quot;time&quot;:0.9}\"/>\r\n    <property name=\"type\" value=\"[{&quot;time&quot;:4,&quot;timescale&quot;:0.1,&quot;moshi&quot;:1,&quot;scale&quot;:0.5,&quot;mubiao&quot;:1,&quot;anim1&quot;:1,&quot;anim2&quot;:0}, {&quot;time&quot;:3,&quot;timescale&quot;:0.15,&quot;moshi&quot;:1,&quot;scale&quot;:1,&quot;mubiao&quot;:0,&quot;anim1&quot;:1,&quot;anim2&quot;:1}]\"/>\r\n    <property name=\"yinyue\" value=\"pingfan\"/>\r\n   </properties>\r\n  </object>\r\n </objectgroup>\r\n</map>\r\n",
  "textures": [],
  "textureNames": [],
  "tsxFiles": [],
  "tsxFileNames": []
}