{
  "__type__": "cc.TiledMapAsset",
  "_name": "guan47",
  "_objFlags": 0,
  "_native": "",
  "tmxXmlStr": "<?xml version=\"1.0\" encoding=\"UTF-8\"?>\r\n<map version=\"1.0\" tiledversion=\"1.1.3\" orientation=\"orthogonal\" renderorder=\"right-down\" width=\"80\" height=\"40\" tilewidth=\"20\" tileheight=\"20\" infinite=\"0\" nextobjectid=\"216\">\r\n <objectgroup name=\"duixiang\">\r\n  <object id=\"128\" name=\"hero\" x=\"80\" y=\"640\" width=\"60\" height=\"60\"/>\r\n  <object id=\"129\" name=\"star\" x=\"1020\" y=\"640\" width=\"60\" height=\"60\"/>\r\n  <object id=\"135\" name=\"map\" type=\"2\" x=\"420\" y=\"40\">\r\n   <properties>\r\n    <property name=\"caidan\" type=\"bool\" value=\"false\"/>\r\n    <property name=\"step1\" type=\"int\" value=\"6\"/>\r\n    <property name=\"step2\" type=\"int\" value=\"5\"/>\r\n    <property name=\"step3\" type=\"int\" value=\"4\"/>\r\n   </properties>\r\n  </object>\r\n  <object id=\"210\" name=\"floor\" x=\"0\" y=\"700\" width=\"1600\" height=\"100\"/>\r\n  <object id=\"212\" name=\"jian\" x=\"420\" y=\"700\" width=\"240\" height=\"20\" rotation=\"-90\"/>\r\n  <object id=\"213\" name=\"jian\" x=\"1100\" y=\"700\" width=\"120\" height=\"20\" rotation=\"-90\"/>\r\n  <object id=\"214\" name=\"jian\" x=\"460\" y=\"460\" width=\"240\" height=\"20\" rotation=\"90\"/>\r\n  <object id=\"215\" name=\"jian\" x=\"980\" y=\"580\" width=\"120\" height=\"20\" rotation=\"90\"/>\r\n </objectgroup>\r\n</map>\r\n",
  "textures": [],
  "textureNames": [],
  "tsxFiles": [],
  "tsxFileNames": []
}