{
  "__type__": "cc.TiledMapAsset",
  "_name": "guan83",
  "_objFlags": 0,
  "_native": "",
  "tmxXmlStr": "<?xml version=\"1.0\" encoding=\"UTF-8\"?>\r\n<map version=\"1.0\" tiledversion=\"1.1.3\" orientation=\"orthogonal\" renderorder=\"right-down\" width=\"50\" height=\"40\" tilewidth=\"20\" tileheight=\"20\" infinite=\"0\" nextobjectid=\"219\">\r\n <objectgroup name=\"duixiang\">\r\n  <object id=\"128\" name=\"hero\" x=\"32\" y=\"717\" width=\"60\" height=\"60\"/>\r\n  <object id=\"129\" name=\"star\" x=\"671\" y=\"711\" width=\"60\" height=\"60\"/>\r\n  <object id=\"135\" name=\"map\" type=\"2\" x=\"193\" y=\"185\">\r\n   <properties>\r\n    <property name=\"caidan\" type=\"bool\" value=\"false\"/>\r\n    <property name=\"step1\" type=\"int\" value=\"5\"/>\r\n    <property name=\"step2\" type=\"int\" value=\"5\"/>\r\n    <property name=\"step3\" type=\"int\" value=\"5\"/>\r\n   </properties>\r\n  </object>\r\n  <object id=\"209\" name=\"floor\" x=\"0\" y=\"780\" width=\"860\" height=\"20\"/>\r\n  <object id=\"211\" name=\"juqing\" type=\"juqing\" x=\"520\" y=\"73\" width=\"100\" height=\"80\">\r\n   <properties>\r\n    <property name=\"tiaojian\" value=\"{&quot;girldie&quot;:true}\"/>\r\n    <property name=\"type\" value=\"[{&quot;time&quot;:4,&quot;timescale&quot;:0.1,&quot;moshi&quot;:1,&quot;scale&quot;:0.5,&quot;mubiao&quot;:1,&quot;anim1&quot;:0,&quot;anim2&quot;:0}, {&quot;time&quot;:3,&quot;timescale&quot;:0.15,&quot;moshi&quot;:1,&quot;scale&quot;:1,&quot;mubiao&quot;:0,&quot;anim1&quot;:0,&quot;anim2&quot;:0}]\"/>\r\n    <property name=\"yinyue\" value=\"butgirl\"/>\r\n   </properties>\r\n  </object>\r\n  <object id=\"213\" name=\"objdy\" x=\"507\" y=\"469\">\r\n   <polygon points=\"0,0 86,-107 310,-109 376,0 343,1 299,-86 302,120 92,121 91,-77 31,2\"/>\r\n  </object>\r\n  <object id=\"214\" name=\"floordy\" x=\"611\" y=\"590\" width=\"56\" height=\"188\"/>\r\n  <object id=\"216\" name=\"floordy\" x=\"737\" y=\"591\" width=\"56\" height=\"188\"/>\r\n  <object id=\"217\" name=\"yuandy\" x=\"608\" y=\"173\" width=\"188\" height=\"188\">\r\n   <ellipse/>\r\n  </object>\r\n </objectgroup>\r\n</map>\r\n",
  "textures": [],
  "textureNames": [],
  "tsxFiles": [],
  "tsxFileNames": []
}