{
  "__type__": "cc.TiledMapAsset",
  "_name": "guan14",
  "_objFlags": 0,
  "_native": "",
  "tmxXmlStr": "<?xml version=\"1.0\" encoding=\"UTF-8\"?>\r\n<map version=\"1.0\" tiledversion=\"1.1.3\" orientation=\"orthogonal\" renderorder=\"right-down\" width=\"80\" height=\"40\" tilewidth=\"20\" tileheight=\"20\" infinite=\"0\" nextobjectid=\"197\">\r\n <objectgroup name=\"duixiang\">\r\n  <object id=\"128\" name=\"hero\" x=\"140\" y=\"640\" width=\"60\" height=\"60\"/>\r\n  <object id=\"129\" name=\"star\" x=\"1500\" y=\"40\" width=\"60\" height=\"60\"/>\r\n  <object id=\"135\" name=\"map\" type=\"2\" x=\"220\" y=\"220\">\r\n   <properties>\r\n    <property name=\"caidan\" type=\"bool\" value=\"false\"/>\r\n    <property name=\"step1\" type=\"int\" value=\"5\"/>\r\n    <property name=\"step2\" type=\"int\" value=\"5\"/>\r\n    <property name=\"step3\" type=\"int\" value=\"5\"/>\r\n   </properties>\r\n  </object>\r\n  <object id=\"185\" name=\"floor\" x=\"60\" y=\"700\" width=\"220\" height=\"20\"/>\r\n  <object id=\"186\" name=\"zhan\" type=\"1\" x=\"500\" y=\"460\" width=\"238.409\" height=\"231\" rotation=\"-314.109\">\r\n   <properties>\r\n    <property name=\"x1\" type=\"int\" value=\"400\"/>\r\n    <property name=\"x2\" type=\"int\" value=\"0\"/>\r\n    <property name=\"y1\" type=\"int\" value=\"0\"/>\r\n    <property name=\"y2\" type=\"int\" value=\"400\"/>\r\n   </properties>\r\n  </object>\r\n  <object id=\"192\" name=\"floor\" x=\"1500\" y=\"100\" width=\"60\" height=\"20\"/>\r\n  <object id=\"196\" name=\"juqing\" type=\"juqing\" x=\"1440\" y=\"140\" width=\"60\" height=\"60\">\r\n   <properties>\r\n    <property name=\"tiaojian\" value=\"{&quot;time&quot;:0.7}\"/>\r\n    <property name=\"type\" value=\"[{&quot;time&quot;:2,&quot;timescale&quot;:0.1,&quot;moshi&quot;:1,&quot;scale&quot;:2,&quot;mubiao&quot;:0,&quot;anim1&quot;:0,&quot;anim2&quot;:0}, {&quot;time&quot;:2.4,&quot;timescale&quot;:0.15,&quot;moshi&quot;:0,&quot;scale&quot;:2,&quot;mubiao&quot;:0,&quot;anim1&quot;:1,&quot;anim2&quot;:1},{&quot;time&quot;:0.4,&quot;timescale&quot;:0.15,&quot;moshi&quot;:0,&quot;scale&quot;:2,&quot;mubiao&quot;:0,&quot;anim1&quot;:2,&quot;anim2&quot;:1}]\"/>\r\n    <property name=\"yinyue\" value=\"querenguo\"/>\r\n   </properties>\r\n  </object>\r\n </objectgroup>\r\n</map>\r\n",
  "textures": [],
  "textureNames": [],
  "tsxFiles": [],
  "tsxFileNames": []
}