{
  "__type__": "cc.TiledMapAsset",
  "_name": "guan46",
  "_objFlags": 0,
  "_native": "",
  "tmxXmlStr": "<?xml version=\"1.0\" encoding=\"UTF-8\"?>\r\n<map version=\"1.0\" tiledversion=\"1.1.3\" orientation=\"orthogonal\" renderorder=\"right-down\" width=\"80\" height=\"40\" tilewidth=\"20\" tileheight=\"20\" infinite=\"0\" nextobjectid=\"226\">\r\n <objectgroup name=\"duixiang\">\r\n  <object id=\"128\" name=\"hero\" x=\"160\" y=\"640\" width=\"60\" height=\"60\"/>\r\n  <object id=\"129\" name=\"star\" x=\"1400\" y=\"140\" width=\"60\" height=\"60\"/>\r\n  <object id=\"135\" name=\"map\" type=\"2\" x=\"420\" y=\"40\">\r\n   <properties>\r\n    <property name=\"caidan\" type=\"bool\" value=\"false\"/>\r\n    <property name=\"step1\" type=\"int\" value=\"5\"/>\r\n    <property name=\"step2\" type=\"int\" value=\"4\"/>\r\n    <property name=\"step3\" type=\"int\" value=\"4\"/>\r\n   </properties>\r\n  </object>\r\n  <object id=\"200\" name=\"floor\" x=\"0\" y=\"700\" width=\"380\" height=\"100\"/>\r\n  <object id=\"210\" name=\"floor\" x=\"1300\" y=\"200\" width=\"300\" height=\"120\"/>\r\n  <object id=\"218\" name=\"tanlizhangai\" x=\"580\" y=\"700\" width=\"220\" height=\"20\"/>\r\n  <object id=\"220\" name=\"floor\" x=\"860\" y=\"520\" width=\"240\" height=\"20\"/>\r\n  <object id=\"222\" name=\"floor\" x=\"860\" y=\"320\" width=\"240\" height=\"20\"/>\r\n  <object id=\"223\" name=\"tanlizhangai\" x=\"1220\" y=\"260\" width=\"23.2576\" height=\"280\"/>\r\n  <object id=\"225\" name=\"juqing\" type=\"juqing\" x=\"1380\" y=\"120\" width=\"80\" height=\"80\">\r\n   <properties>\r\n    <property name=\"tiaojian\" value=\"{&quot;time&quot;:0.6}\"/>\r\n    <property name=\"type\" value=\"[{&quot;time&quot;:3,&quot;timescale&quot;:0.1,&quot;moshi&quot;:1,&quot;scale&quot;:0.5,&quot;mubiao&quot;:1,&quot;anim1&quot;:0,&quot;anim2&quot;:0}, {&quot;time&quot;:3,&quot;timescale&quot;:0.12,&quot;moshi&quot;:1,&quot;scale&quot;:1,&quot;mubiao&quot;:0,&quot;anim1&quot;:1,&quot;anim2&quot;:1}]\"/>\r\n    <property name=\"yinyue\" value=\"dengdaoni\"/>\r\n   </properties>\r\n  </object>\r\n </objectgroup>\r\n</map>\r\n",
  "textures": [],
  "textureNames": [],
  "tsxFiles": [],
  "tsxFileNames": []
}