{
  "__type__": "cc.JsonAsset",
  "_name": "guanka77",
  "_objFlags": 0,
  "_native": "",
  "json": [
    {
      "position": {
        "x": 546.959228515625,
        "y": 190.56414794921875
      },
      "point": [
        {
          "x": 27.78140973811307,
          "y": -12.042246816028886
        },
        {
          "x": 55.56281947622614,
          "y": -25.524493632057773
        },
        {
          "x": 83.34422921433921,
          "y": -40.44674044808666
        },
        {
          "x": 111.12563895245228,
          "y": -56.808987264115544
        },
        {
          "x": 138.90704869056535,
          "y": -74.61123408014443
        },
        {
          "x": 166.68845842867842,
          "y": -93.85348089617331
        },
        {
          "x": 194.46986816679149,
          "y": -114.5357277122022
        },
        {
          "x": 222.25127790490455,
          "y": -136.65797452823108
        },
        {
          "x": 250.03268764301762,
          "y": -160.22022134425995
        },
        {
          "x": 277.8140973811307,
          "y": -185.22246816028886
        },
        {
          "x": 305.59550711924373,
          "y": -211.66471497631773
        },
        {
          "x": 333.37691685735683,
          "y": -239.54696179234662
        },
        {
          "x": 361.15832659546993,
          "y": -268.8692086083755
        },
        {
          "x": 388.93973633358297,
          "y": -299.63145542440435
        },
        {
          "x": 416.721146071696,
          "y": -331.8337022404332
        },
        {
          "x": 444.5025558098091,
          "y": -365.4759490564621
        },
        {
          "x": 472.2839655479222,
          "y": -400.558195872491
        },
        {
          "x": 500.06537528603525,
          "y": -437.08044268851984
        },
        {
          "x": 527.8467850241483,
          "y": -475.0426895045488
        }
      ]
    },
    {
      "position": {
        "x": 700.9017944335938,
        "y": 190.6377410888672
      },
      "point": [
        {
          "x": 27.951660010906807,
          "y": -11.615168774951279
        },
        {
          "x": 55.90332002181361,
          "y": -24.670337549902555
        },
        {
          "x": 83.85498003272042,
          "y": -39.16550632485384
        },
        {
          "x": 111.80664004362723,
          "y": -55.100675099805116
        },
        {
          "x": 139.75830005453403,
          "y": -72.47584387475639
        },
        {
          "x": 167.70996006544084,
          "y": -91.29101264970768
        },
        {
          "x": 195.66162007634765,
          "y": -111.54618142465895
        },
        {
          "x": 223.61328008725445,
          "y": -133.24135019961022
        },
        {
          "x": 251.56494009816126,
          "y": -156.37651897456152
        },
        {
          "x": 279.51660010906807,
          "y": -180.95168774951279
        },
        {
          "x": 307.46826011997484,
          "y": -206.96685652446405
        },
        {
          "x": 335.4199201308817,
          "y": -234.42202529941537
        },
        {
          "x": 363.3715801417885,
          "y": -263.3171940743666
        },
        {
          "x": 391.3232401526953,
          "y": -293.6523628493179
        },
        {
          "x": 419.27490016360207,
          "y": -325.4275316242692
        },
        {
          "x": 447.2265601745089,
          "y": -358.6427003992205
        },
        {
          "x": 475.17822018541574,
          "y": -393.29786917417175
        },
        {
          "x": 503.1298801963225,
          "y": -429.393037949123
        },
        {
          "x": 531.0815402072293,
          "y": -466.9282067240743
        }
      ]
    }
  ]
}