{
  "__type__": "cc.TiledMapAsset",
  "_name": "guan57",
  "_objFlags": 0,
  "_native": "",
  "tmxXmlStr": "<?xml version=\"1.0\" encoding=\"UTF-8\"?>\r\n<map version=\"1.0\" tiledversion=\"1.1.3\" orientation=\"orthogonal\" renderorder=\"right-down\" width=\"80\" height=\"40\" tilewidth=\"20\" tileheight=\"20\" infinite=\"0\" nextobjectid=\"250\">\r\n <objectgroup name=\"duixiang\">\r\n  <object id=\"128\" name=\"hero\" x=\"60\" y=\"680\" width=\"60\" height=\"60\"/>\r\n  <object id=\"135\" name=\"map\" type=\"2\" x=\"100\" y=\"20\">\r\n   <properties>\r\n    <property name=\"caidan\" type=\"bool\" value=\"false\"/>\r\n    <property name=\"step1\" type=\"int\" value=\"4\"/>\r\n    <property name=\"step2\" type=\"int\" value=\"4\"/>\r\n    <property name=\"step3\" type=\"int\" value=\"4\"/>\r\n   </properties>\r\n  </object>\r\n  <object id=\"210\" name=\"floor\" x=\"0\" y=\"740\" width=\"200\" height=\"60\"/>\r\n  <object id=\"238\" name=\"floor\" x=\"1040\" y=\"420\" width=\"200\" height=\"60\"/>\r\n  <object id=\"243\" name=\"floor\" x=\"0\" y=\"120\" width=\"200\" height=\"60\"/>\r\n  <object id=\"245\" name=\"zhan\" x=\"420\" y=\"460\" width=\"180\" height=\"20\"/>\r\n  <object id=\"246\" name=\"star\" x=\"60\" y=\"60\" width=\"60\" height=\"60\"/>\r\n  <object id=\"248\" name=\"floor\" x=\"820\" y=\"740\" width=\"200\" height=\"60\"/>\r\n  <object id=\"249\" name=\"chuan\" x=\"420\" y=\"260\" width=\"180\" height=\"20\"/>\r\n </objectgroup>\r\n</map>\r\n",
  "textures": [],
  "textureNames": [],
  "tsxFiles": [],
  "tsxFileNames": []
}