{
  "__type__": "cc.TiledMapAsset",
  "_name": "guan20",
  "_objFlags": 0,
  "_native": "",
  "tmxXmlStr": "<?xml version=\"1.0\" encoding=\"UTF-8\"?>\r\n<map version=\"1.0\" tiledversion=\"1.1.3\" orientation=\"orthogonal\" renderorder=\"right-down\" width=\"50\" height=\"100\" tilewidth=\"20\" tileheight=\"20\" infinite=\"0\" nextobjectid=\"189\">\r\n <objectgroup name=\"duixiang\">\r\n  <object id=\"128\" name=\"hero\" x=\"260\" y=\"1740\" width=\"60\" height=\"60\"/>\r\n  <object id=\"129\" name=\"star\" x=\"820\" y=\"40\" width=\"60\" height=\"60\"/>\r\n  <object id=\"135\" name=\"map\" type=\"2\" x=\"220\" y=\"1420\">\r\n   <properties>\r\n    <property name=\"caidan\" type=\"bool\" value=\"false\"/>\r\n    <property name=\"step1\" type=\"int\" value=\"7\"/>\r\n    <property name=\"step2\" type=\"int\" value=\"5\"/>\r\n    <property name=\"step3\" type=\"int\" value=\"5\"/>\r\n   </properties>\r\n  </object>\r\n  <object id=\"165\" name=\"floor\" x=\"0\" y=\"1800\" width=\"1000\" height=\"200\"/>\r\n  <object id=\"181\" name=\"floor\" x=\"380\" y=\"1580\" width=\"320\" height=\"40\"/>\r\n  <object id=\"182\" name=\"chuan\" x=\"380\" y=\"1360\" width=\"320\" height=\"20\"/>\r\n  <object id=\"183\" name=\"zhan\" x=\"380\" y=\"420\" width=\"40\" height=\"840\"/>\r\n  <object id=\"184\" name=\"zhan\" x=\"660\" y=\"420\" width=\"40\" height=\"840\"/>\r\n  <object id=\"185\" name=\"chuan\" x=\"680\" y=\"100\" width=\"320\" height=\"20\"/>\r\n  <object id=\"188\" name=\"juqing\" type=\"juqing\" x=\"820\" y=\"40\" width=\"60\" height=\"60\">\r\n   <properties>\r\n    <property name=\"tiaojian\" value=\"{&quot;time&quot;:0.4}\"/>\r\n    <property name=\"type\" value=\"[{&quot;time&quot;:3,&quot;timescale&quot;:0.06,&quot;moshi&quot;:1,&quot;scale&quot;:2,&quot;mubiao&quot;:1,&quot;anim1&quot;:0,&quot;anim2&quot;:1}, {&quot;time&quot;:5,&quot;timescale&quot;:0.03,&quot;moshi&quot;:1,&quot;scale&quot;:1.2,&quot;mubiao&quot;:0,&quot;anim1&quot;:1,&quot;anim2&quot;:1}]\"/>\r\n    <property name=\"yinyue\" value=\"manmanxihuanni\"/>\r\n   </properties>\r\n  </object>\r\n </objectgroup>\r\n</map>\r\n",
  "textures": [],
  "textureNames": [],
  "tsxFiles": [],
  "tsxFileNames": []
}