{
  "__type__": "cc.TiledMapAsset",
  "_name": "guan110",
  "_objFlags": 0,
  "_native": "",
  "tmxXmlStr": "<?xml version=\"1.0\" encoding=\"UTF-8\"?>\r\n<map version=\"1.0\" tiledversion=\"1.1.3\" orientation=\"orthogonal\" renderorder=\"right-down\" width=\"80\" height=\"40\" tilewidth=\"20\" tileheight=\"20\" infinite=\"0\" nextobjectid=\"294\">\r\n <objectgroup name=\"duixiang\">\r\n  <object id=\"128\" name=\"hero\" x=\"40\" y=\"680\" width=\"60\" height=\"60\"/>\r\n  <object id=\"129\" name=\"star\" x=\"1020\" y=\"80\" width=\"60\" height=\"60\"/>\r\n  <object id=\"135\" name=\"map\" type=\"2\" x=\"420\" y=\"40\">\r\n   <properties>\r\n    <property name=\"caidan\" type=\"bool\" value=\"false\"/>\r\n    <property name=\"help\" type=\"bool\" value=\"false\"/>\r\n    <property name=\"step1\" type=\"int\" value=\"8\"/>\r\n    <property name=\"step2\" type=\"int\" value=\"8\"/>\r\n    <property name=\"step3\" type=\"int\" value=\"8\"/>\r\n   </properties>\r\n  </object>\r\n  <object id=\"274\" name=\"floor\" x=\"0\" y=\"740\" width=\"1600\" height=\"60\"/>\r\n  <object id=\"282\" name=\"chuan\" x=\"1020\" y=\"140\" width=\"60\" height=\"20\"/>\r\n  <object id=\"283\" name=\"juqing\" type=\"juqing\" x=\"1000\" y=\"60\" width=\"100\" height=\"80\">\r\n   <properties>\r\n    <property name=\"tiaojian\" value=\"{&quot;time&quot;:0.5}\"/>\r\n    <property name=\"type\" value=\"[{&quot;time&quot;:4,&quot;timescale&quot;:0.1,&quot;moshi&quot;:1,&quot;scale&quot;:0.5,&quot;mubiao&quot;:1,&quot;anim1&quot;:1,&quot;anim2&quot;:0}, {&quot;time&quot;:3,&quot;timescale&quot;:0.15,&quot;moshi&quot;:1,&quot;scale&quot;:1,&quot;mubiao&quot;:0,&quot;anim1&quot;:1,&quot;anim2&quot;:1}]\"/>\r\n    <property name=\"yinyue\" value=\"pingfan\"/>\r\n   </properties>\r\n  </object>\r\n  <object id=\"286\" name=\"yuandy\" x=\"140\" y=\"60\" width=\"220\" height=\"220\">\r\n   <ellipse/>\r\n  </object>\r\n  <object id=\"288\" name=\"chuan\" x=\"0\" y=\"500\" width=\"240\" height=\"20\"/>\r\n  <object id=\"289\" name=\"chuan\" x=\"0\" y=\"280\" width=\"240\" height=\"20\"/>\r\n  <object id=\"290\" name=\"floor\" x=\"1100\" y=\"660\" width=\"40\" height=\"80\"/>\r\n  <object id=\"291\" name=\"floordy\" x=\"760\" y=\"640\" width=\"700\" height=\"20\"/>\r\n  <object id=\"292\" name=\"floor\" x=\"240\" y=\"280\" width=\"180\" height=\"20\"/>\r\n  <object id=\"293\" name=\"objst\" x=\"420\" y=\"297\">\r\n   <polygon points=\"0,0 400,300 0,-14\"/>\r\n  </object>\r\n </objectgroup>\r\n</map>\r\n",
  "textures": [],
  "textureNames": [],
  "tsxFiles": [],
  "tsxFileNames": []
}