{
  "__type__": "cc.JsonAsset",
  "_name": "guanka40",
  "_objFlags": 0,
  "_native": "",
  "json": [
    {
      "position": {
        "x": 80,
        "y": 130.15997314453125
      },
      "point": [
        {
          "x": 12.832143515195181,
          "y": 26.39708119996387
        },
        {
          "x": 25.664287030390362,
          "y": 51.354162399927745
        },
        {
          "x": 38.49643054558554,
          "y": 74.87124359989161
        },
        {
          "x": 51.328574060780724,
          "y": 96.9483247998555
        },
        {
          "x": 64.16071757597591,
          "y": 117.58540599981936
        },
        {
          "x": 76.99286109117108,
          "y": 136.78248719978325
        },
        {
          "x": 89.82500460636626,
          "y": 154.5395683997471
        },
        {
          "x": 102.65714812156145,
          "y": 170.85664959971098
        },
        {
          "x": 115.48929163675663,
          "y": 185.73373079967485
        },
        {
          "x": 128.32143515195182,
          "y": 199.17081199963874
        },
        {
          "x": 141.153578667147,
          "y": 211.1678931996026
        },
        {
          "x": 153.98572218234216,
          "y": 221.72497439956646
        },
        {
          "x": 166.81786569753734,
          "y": 230.84205559953037
        },
        {
          "x": 179.65000921273253,
          "y": 238.51913679949422
        },
        {
          "x": 192.4821527279277,
          "y": 244.7562179994581
        },
        {
          "x": 205.3142962431229,
          "y": 249.55329919942199
        },
        {
          "x": 218.14643975831808,
          "y": 252.91038039938584
        },
        {
          "x": 230.97858327351327,
          "y": 254.8274615993497
        },
        {
          "x": 243.81072678870845,
          "y": 255.3045427993136
        }
      ]
    }
  ]
}