{
  "__type__": "cc.TiledMapAsset",
  "_name": "guan99",
  "_objFlags": 0,
  "_native": "",
  "tmxXmlStr": "<?xml version=\"1.0\" encoding=\"UTF-8\"?>\r\n<map version=\"1.0\" tiledversion=\"1.1.3\" orientation=\"orthogonal\" renderorder=\"right-down\" width=\"80\" height=\"40\" tilewidth=\"20\" tileheight=\"20\" infinite=\"0\" nextobjectid=\"286\">\r\n <objectgroup name=\"duixiang\">\r\n  <object id=\"128\" name=\"hero\" x=\"60\" y=\"540\" width=\"60\" height=\"60\"/>\r\n  <object id=\"129\" name=\"star\" x=\"1360\" y=\"240\" width=\"60\" height=\"60\"/>\r\n  <object id=\"135\" name=\"map\" type=\"2\" x=\"420\" y=\"40\">\r\n   <properties>\r\n    <property name=\"caidan\" type=\"bool\" value=\"false\"/>\r\n    <property name=\"help\" type=\"bool\" value=\"false\"/>\r\n    <property name=\"step1\" type=\"int\" value=\"16\"/>\r\n    <property name=\"step2\" type=\"int\" value=\"8\"/>\r\n    <property name=\"step3\" type=\"int\" value=\"8\"/>\r\n   </properties>\r\n  </object>\r\n  <object id=\"275\" name=\"tanlizhangai\" x=\"100\" y=\"760\" width=\"340\" height=\"20\"/>\r\n  <object id=\"276\" name=\"objst\" x=\"760\" y=\"780\">\r\n   <polygon points=\"0,0 200,-80 200,0\"/>\r\n  </object>\r\n  <object id=\"278\" name=\"objst\" x=\"0\" y=\"800\">\r\n   <polygon points=\"0,0 0,-200 100,-200 100,-20 440,-20 440,-480 580,-480 580,-20 1360,-20 1360,-500 1600,-500 1600,0\"/>\r\n  </object>\r\n  <object id=\"281\" name=\"floordy\" x=\"580\" y=\"680\" width=\"180\" height=\"100\"/>\r\n  <object id=\"285\" name=\"juqing\" type=\"juqing\" x=\"1340\" y=\"220\" width=\"80\" height=\"80\">\r\n   <properties>\r\n    <property name=\"tiaojian\" value=\"{&quot;time&quot;:0.9}\"/>\r\n    <property name=\"type\" value=\"[{&quot;time&quot;:3,&quot;timescale&quot;:0.1,&quot;moshi&quot;:1,&quot;scale&quot;:0.5,&quot;mubiao&quot;:1,&quot;anim1&quot;:0,&quot;anim2&quot;:0}, {&quot;time&quot;:3,&quot;timescale&quot;:0.12,&quot;moshi&quot;:1,&quot;scale&quot;:1,&quot;mubiao&quot;:0,&quot;anim1&quot;:1,&quot;anim2&quot;:1}]\"/>\r\n    <property name=\"yinyue\" value=\"dengdaoni\"/>\r\n   </properties>\r\n  </object>\r\n </objectgroup>\r\n</map>\r\n",
  "textures": [],
  "textureNames": [],
  "tsxFiles": [],
  "tsxFileNames": []
}