{
  "__type__": "cc.TiledMapAsset",
  "_name": "guan79",
  "_objFlags": 0,
  "_native": "",
  "tmxXmlStr": "<?xml version=\"1.0\" encoding=\"UTF-8\"?>\r\n<map version=\"1.0\" tiledversion=\"1.1.3\" orientation=\"orthogonal\" renderorder=\"right-down\" width=\"60\" height=\"80\" tilewidth=\"20\" tileheight=\"20\" infinite=\"0\" nextobjectid=\"252\">\r\n <objectgroup name=\"duixiang\">\r\n  <object id=\"128\" name=\"hero\" x=\"140\" y=\"1480\" width=\"60\" height=\"60\"/>\r\n  <object id=\"129\" name=\"star\" x=\"200\" y=\"720\" width=\"60\" height=\"60\"/>\r\n  <object id=\"135\" name=\"map\" type=\"2\" x=\"80\" y=\"1120\">\r\n   <properties>\r\n    <property name=\"caidan\" type=\"bool\" value=\"false\"/>\r\n    <property name=\"help\" type=\"bool\" value=\"false\"/>\r\n    <property name=\"step1\" type=\"int\" value=\"5\"/>\r\n    <property name=\"step2\" type=\"int\" value=\"5\"/>\r\n    <property name=\"step3\" type=\"int\" value=\"4\"/>\r\n   </properties>\r\n  </object>\r\n  <object id=\"234\" name=\"floor\" x=\"0\" y=\"1540\" width=\"240\" height=\"60\"/>\r\n  <object id=\"235\" name=\"floor\" x=\"540\" y=\"940\" width=\"240\" height=\"60\"/>\r\n  <object id=\"236\" name=\"floor\" type=\"1\" x=\"200\" y=\"1340\" width=\"200\" height=\"20\">\r\n   <properties>\r\n    <property name=\"x1\" type=\"int\" value=\"500\"/>\r\n    <property name=\"y1\" type=\"int\" value=\"0\"/>\r\n   </properties>\r\n  </object>\r\n  <object id=\"237\" name=\"floor\" type=\"1\" x=\"200\" y=\"1140\" width=\"200\" height=\"20\">\r\n   <properties>\r\n    <property name=\"x1\" type=\"int\" value=\"500\"/>\r\n    <property name=\"y1\" type=\"int\" value=\"0\"/>\r\n   </properties>\r\n  </object>\r\n  <object id=\"238\" name=\"tanlizhangai\" x=\"1012.2\" y=\"1156.03\" width=\"20\" height=\"226.896\" rotation=\"26.9767\"/>\r\n  <object id=\"239\" name=\"floor\" x=\"120\" y=\"780\" width=\"120\" height=\"20\"/>\r\n  <object id=\"241\" name=\"floor\" type=\"1\" x=\"900\" y=\"630\" width=\"200\" height=\"20\">\r\n   <properties>\r\n    <property name=\"x1\" type=\"int\" value=\"-600\"/>\r\n    <property name=\"y1\" type=\"int\" value=\"0\"/>\r\n   </properties>\r\n  </object>\r\n  <object id=\"242\" name=\"floor\" type=\"1\" x=\"900\" y=\"390\" width=\"200\" height=\"20\">\r\n   <properties>\r\n    <property name=\"x1\" type=\"int\" value=\"-600\"/>\r\n    <property name=\"y1\" type=\"int\" value=\"0\"/>\r\n   </properties>\r\n  </object>\r\n  <object id=\"243\" name=\"floor\" x=\"120\" y=\"0\" width=\"20\" height=\"780\"/>\r\n  <object id=\"244\" name=\"chuan\" x=\"680\" y=\"200\" width=\"100\" height=\"20\"/>\r\n  <object id=\"248\" name=\"caidan\" x=\"700\" y=\"120\" width=\"60\" height=\"80\"/>\r\n  <object id=\"249\" name=\"jian\" x=\"480\" y=\"200\" width=\"200\" height=\"20\"/>\r\n  <object id=\"250\" name=\"jian\" x=\"780\" y=\"200\" width=\"220\" height=\"20\"/>\r\n  <object id=\"251\" name=\"juqing\" type=\"juqing\" x=\"40\" y=\"1080\" width=\"100\" height=\"80\">\r\n   <properties>\r\n    <property name=\"tiaojian\" value=\"{&quot;getcaidan&quot;:true}\"/>\r\n    <property name=\"type\" value=\"[{&quot;time&quot;:1.5,&quot;timescale&quot;:1,&quot;moshi&quot;:0,&quot;scale&quot;:1,&quot;mubiao&quot;:0,&quot;anim1&quot;:3,&quot;anim2&quot;:0}]\"/>\r\n    <property name=\"yinyue\" value=\"qilongzhu\"/>\r\n   </properties>\r\n  </object>\r\n </objectgroup>\r\n</map>\r\n",
  "textures": [],
  "textureNames": [],
  "tsxFiles": [],
  "tsxFileNames": []
}