{
  "__type__": "cc.JsonAsset",
  "_name": "guanka44",
  "_objFlags": 0,
  "_native": "",
  "json": [
    {
      "position": {
        "x": 493.3590087890625,
        "y": 530.1598510742188
      },
      "point": [
        {
          "x": 10.170711439780188,
          "y": 27.503334827917207
        },
        {
          "x": 20.341422879560376,
          "y": 53.56666965583442
        },
        {
          "x": 30.512134319340564,
          "y": 78.19000448375162
        },
        {
          "x": 40.68284575912075,
          "y": 101.37333931166883
        },
        {
          "x": 50.853557198900944,
          "y": 123.11667413958604
        },
        {
          "x": 61.02426863868113,
          "y": 143.42000896750324
        },
        {
          "x": 71.19498007846131,
          "y": 162.28334379542045
        },
        {
          "x": 81.3656915182415,
          "y": 179.70667862333767
        },
        {
          "x": 91.5364029580217,
          "y": 195.69001345125486
        },
        {
          "x": 101.70711439780189,
          "y": 210.23334827917208
        },
        {
          "x": 111.87782583758207,
          "y": 223.3366831070893
        },
        {
          "x": 122.04853727736226,
          "y": 235.0000179350065
        },
        {
          "x": 132.21924871714245,
          "y": 245.2233527629237
        },
        {
          "x": 142.38996015692263,
          "y": 254.0066875908409
        },
        {
          "x": 152.56067159670283,
          "y": 261.35002241875816
        },
        {
          "x": 162.731383036483,
          "y": 267.2533572466753
        },
        {
          "x": 172.9020944762632,
          "y": 271.7166920745925
        },
        {
          "x": 183.0728059160434,
          "y": 274.7400269025097
        },
        {
          "x": 193.24351735582357,
          "y": 276.32336173042694
        }
      ]
    }
  ]
}