{
  "__type__": "dragonBones.DragonBonesAtlasAsset",
  "_name": "mulovebeng_tex",
  "_objFlags": 0,
  "_native": "",
  "_atlasJson": "{\"width\":256,\"height\":256,\"name\":\"mulovebeng\",\"imagePath\":\"mulovebeng_tex.png\",\"SubTexture\":[{\"width\":78,\"y\":1,\"height\":67,\"name\":\"girlaixin\",\"x\":167},{\"width\":78,\"y\":1,\"height\":67,\"name\":\"boypt\",\"x\":87},{\"width\":78,\"y\":70,\"height\":67,\"name\":\"boyai\",\"x\":87},{\"width\":78,\"y\":73,\"height\":67,\"name\":\"girlpt\",\"x\":1},{\"width\":84,\"y\":1,\"height\":70,\"name\":\"taoxin\",\"x\":1}]}",
  "_texture": {
    "__uuid__": "f4929c52-b43c-4472-83cd-2447e6fdaf09"
  },
  "texture": {
    "__uuid__": "f4929c52-b43c-4472-83cd-2447e6fdaf09"
  }
}