{
  "__type__": "cc.TiledMapAsset",
  "_name": "guan81",
  "_objFlags": 0,
  "_native": "",
  "tmxXmlStr": "<?xml version=\"1.0\" encoding=\"UTF-8\"?>\r\n<map version=\"1.0\" tiledversion=\"1.1.3\" orientation=\"orthogonal\" renderorder=\"right-down\" width=\"80\" height=\"40\" tilewidth=\"20\" tileheight=\"20\" infinite=\"0\" nextobjectid=\"221\">\r\n <objectgroup name=\"duixiang\">\r\n  <object id=\"128\" name=\"hero\" x=\"140\" y=\"660\" width=\"60\" height=\"60\"/>\r\n  <object id=\"129\" name=\"star\" x=\"1320\" y=\"220\" width=\"60\" height=\"60\"/>\r\n  <object id=\"135\" name=\"map\" type=\"2\" x=\"220\" y=\"220\">\r\n   <properties>\r\n    <property name=\"caidan\" type=\"bool\" value=\"false\"/>\r\n    <property name=\"step1\" type=\"int\" value=\"9\"/>\r\n    <property name=\"step2\" type=\"int\" value=\"6\"/>\r\n    <property name=\"step3\" type=\"int\" value=\"4\"/>\r\n   </properties>\r\n  </object>\r\n  <object id=\"208\" name=\"floor\" x=\"0\" y=\"720\" width=\"1600\" height=\"80\"/>\r\n  <object id=\"209\" name=\"floordy\" x=\"520\" y=\"600\" width=\"20\" height=\"120\"/>\r\n  <object id=\"210\" name=\"floordy\" x=\"860\" y=\"600\" width=\"20\" height=\"120\"/>\r\n  <object id=\"211\" name=\"floordy\" x=\"420\" y=\"580\" width=\"560\" height=\"20\"/>\r\n  <object id=\"212\" name=\"floordy\" x=\"520\" y=\"440\" width=\"20\" height=\"140\"/>\r\n  <object id=\"213\" name=\"floordy\" x=\"860\" y=\"440\" width=\"20\" height=\"140\"/>\r\n  <object id=\"214\" name=\"floordy\" x=\"420\" y=\"420\" width=\"560\" height=\"20\"/>\r\n  <object id=\"215\" name=\"floordy\" x=\"520\" y=\"280\" width=\"20\" height=\"140\"/>\r\n  <object id=\"216\" name=\"floordy\" x=\"860\" y=\"280\" width=\"20\" height=\"140\"/>\r\n  <object id=\"217\" name=\"floor\" x=\"1320\" y=\"280\" width=\"280\" height=\"60\"/>\r\n  <object id=\"218\" name=\"floordy\" x=\"420\" y=\"260\" width=\"560\" height=\"20\"/>\r\n  <object id=\"220\" name=\"juqing\" type=\"juqing\" x=\"1320\" y=\"220\" width=\"60\" height=\"60\">\r\n   <properties>\r\n    <property name=\"tiaojian\" value=\"{&quot;time&quot;:0.6}\"/>\r\n    <property name=\"type\" value=\"[{&quot;time&quot;:3,&quot;timescale&quot;:0.1,&quot;moshi&quot;:1,&quot;scale&quot;:0.5,&quot;mubiao&quot;:1,&quot;anim1&quot;:0,&quot;anim2&quot;:0}, {&quot;time&quot;:3,&quot;timescale&quot;:0.12,&quot;moshi&quot;:1,&quot;scale&quot;:1,&quot;mubiao&quot;:0,&quot;anim1&quot;:1,&quot;anim2&quot;:1}]\"/>\r\n    <property name=\"yinyue\" value=\"dengdaoni\"/>\r\n   </properties>\r\n  </object>\r\n </objectgroup>\r\n</map>\r\n",
  "textures": [],
  "textureNames": [],
  "tsxFiles": [],
  "tsxFileNames": []
}