{
  "__type__": "cc.TiledMapAsset",
  "_name": "guan56",
  "_objFlags": 0,
  "_native": "",
  "tmxXmlStr": "<?xml version=\"1.0\" encoding=\"UTF-8\"?>\r\n<map version=\"1.0\" tiledversion=\"1.1.3\" orientation=\"orthogonal\" renderorder=\"right-down\" width=\"80\" height=\"40\" tilewidth=\"20\" tileheight=\"20\" infinite=\"0\" nextobjectid=\"249\">\r\n <objectgroup name=\"duixiang\">\r\n  <object id=\"128\" name=\"hero\" x=\"60\" y=\"680\" width=\"60\" height=\"60\"/>\r\n  <object id=\"135\" name=\"map\" type=\"2\" x=\"98\" y=\"77\">\r\n   <properties>\r\n    <property name=\"caidan\" type=\"bool\" value=\"false\"/>\r\n    <property name=\"step1\" type=\"int\" value=\"3\"/>\r\n    <property name=\"step2\" type=\"int\" value=\"3\"/>\r\n    <property name=\"step3\" type=\"int\" value=\"2\"/>\r\n   </properties>\r\n  </object>\r\n  <object id=\"210\" name=\"floor\" x=\"0\" y=\"740\" width=\"160\" height=\"60\"/>\r\n  <object id=\"238\" name=\"floor\" x=\"660\" y=\"520\" width=\"200\" height=\"60\"/>\r\n  <object id=\"243\" name=\"floor\" x=\"1400\" y=\"260\" width=\"200\" height=\"60\"/>\r\n  <object id=\"244\" name=\"tanlizhangai\" x=\"160\" y=\"780\" width=\"360\" height=\"20\"/>\r\n  <object id=\"245\" name=\"tanlizhangai\" x=\"860\" y=\"560\" width=\"420\" height=\"20\"/>\r\n  <object id=\"246\" name=\"star\" x=\"1400\" y=\"200\" width=\"60\" height=\"60\"/>\r\n  <object id=\"248\" name=\"juqing\" type=\"juqing\" x=\"1340\" y=\"280\" width=\"60\" height=\"60\">\r\n   <properties>\r\n    <property name=\"tiaojian\" value=\"{&quot;time&quot;:0.5}\"/>\r\n    <property name=\"type\" value=\"[{&quot;time&quot;:2,&quot;timescale&quot;:0.1,&quot;moshi&quot;:1,&quot;scale&quot;:2,&quot;mubiao&quot;:0,&quot;anim1&quot;:0,&quot;anim2&quot;:0}, {&quot;time&quot;:2.4,&quot;timescale&quot;:0.15,&quot;moshi&quot;:0,&quot;scale&quot;:2,&quot;mubiao&quot;:0,&quot;anim1&quot;:1,&quot;anim2&quot;:1},{&quot;time&quot;:0.4,&quot;timescale&quot;:0.15,&quot;moshi&quot;:0,&quot;scale&quot;:2,&quot;mubiao&quot;:0,&quot;anim1&quot;:2,&quot;anim2&quot;:1}]\"/>\r\n    <property name=\"yinyue\" value=\"querenguo\"/>\r\n   </properties>\r\n  </object>\r\n </objectgroup>\r\n</map>\r\n",
  "textures": [],
  "textureNames": [],
  "tsxFiles": [],
  "tsxFileNames": []
}