{
  "__type__": "cc.TiledMapAsset",
  "_name": "guan89",
  "_objFlags": 0,
  "_native": "",
  "tmxXmlStr": "<?xml version=\"1.0\" encoding=\"UTF-8\"?>\r\n<map version=\"1.0\" tiledversion=\"1.1.3\" orientation=\"orthogonal\" renderorder=\"right-down\" width=\"80\" height=\"40\" tilewidth=\"20\" tileheight=\"20\" infinite=\"0\" nextobjectid=\"271\">\r\n <objectgroup name=\"duixiang\">\r\n  <object id=\"128\" name=\"hero\" x=\"560\" y=\"700\" width=\"60\" height=\"60\"/>\r\n  <object id=\"129\" name=\"star\" x=\"1320\" y=\"700\" width=\"60\" height=\"60\"/>\r\n  <object id=\"135\" name=\"map\" type=\"2\" x=\"420\" y=\"40\">\r\n   <properties>\r\n    <property name=\"caidan\" type=\"bool\" value=\"false\"/>\r\n    <property name=\"help\" type=\"bool\" value=\"false\"/>\r\n    <property name=\"step1\" type=\"int\" value=\"15\"/>\r\n    <property name=\"step2\" type=\"int\" value=\"10\"/>\r\n    <property name=\"step3\" type=\"int\" value=\"10\"/>\r\n   </properties>\r\n  </object>\r\n  <object id=\"259\" name=\"floor\" x=\"0\" y=\"760\" width=\"1600\" height=\"40\"/>\r\n  <object id=\"264\" name=\"objdy\" x=\"980\" y=\"480\">\r\n   <polygon points=\"0,0 -220,220 -200,240 -160,260 -100,280 0,280 80,260 120,240 140,220 -200,220\"/>\r\n  </object>\r\n  <object id=\"266\" name=\"objdy\" x=\"60\" y=\"540\">\r\n   <polygon points=\"0,0 20,-20 60,-40 100,-20 120,0 120,20 100,120 40,200 60,220 120,140 140,20 140,-20 60,-60 20,-40 -20,-20\"/>\r\n  </object>\r\n  <object id=\"269\" name=\"juqing\" type=\"juqing\" x=\"260\" y=\"40\" width=\"60\" height=\"60\">\r\n   <properties>\r\n    <property name=\"tiaojian\" value=\"{&quot;girldie&quot;:true}\"/>\r\n    <property name=\"type\" value=\"[{&quot;time&quot;:5,&quot;timescale&quot;:0.08,&quot;moshi&quot;:1,&quot;scale&quot;:0.3,&quot;mubiao&quot;:1,&quot;anim1&quot;:0,&quot;anim2&quot;:0}, {&quot;time&quot;:4,&quot;timescale&quot;:0.08,&quot;moshi&quot;:1,&quot;scale&quot;:2,&quot;mubiao&quot;:0,&quot;anim1&quot;:0,&quot;anim2&quot;:0}]\"/>\r\n    <property name=\"yinyue\" value=\"meidejiu\"/>\r\n   </properties>\r\n  </object>\r\n </objectgroup>\r\n</map>\r\n",
  "textures": [],
  "textureNames": [],
  "tsxFiles": [],
  "tsxFileNames": []
}