{
  "__type__": "cc.TiledMapAsset",
  "_name": "guan88",
  "_objFlags": 0,
  "_native": "",
  "tmxXmlStr": "<?xml version=\"1.0\" encoding=\"UTF-8\"?>\r\n<map version=\"1.0\" tiledversion=\"1.1.3\" orientation=\"orthogonal\" renderorder=\"right-down\" width=\"80\" height=\"40\" tilewidth=\"20\" tileheight=\"20\" infinite=\"0\" nextobjectid=\"264\">\r\n <objectgroup name=\"duixiang\">\r\n  <object id=\"128\" name=\"hero\" x=\"60\" y=\"600\" width=\"60\" height=\"60\"/>\r\n  <object id=\"129\" name=\"star\" x=\"1500\" y=\"600\" width=\"60\" height=\"60\"/>\r\n  <object id=\"135\" name=\"map\" type=\"2\" x=\"420\" y=\"40\">\r\n   <properties>\r\n    <property name=\"caidan\" type=\"bool\" value=\"false\"/>\r\n    <property name=\"help\" type=\"bool\" value=\"false\"/>\r\n    <property name=\"step1\" type=\"int\" value=\"25\"/>\r\n    <property name=\"step2\" type=\"int\" value=\"20\"/>\r\n    <property name=\"step3\" type=\"int\" value=\"20\"/>\r\n   </properties>\r\n  </object>\r\n  <object id=\"258\" name=\"objdy\" x=\"420\" y=\"420\">\r\n   <polygon points=\"0,0 0,40 -160,40 -160,100 0,100 0,140 -160,140 -160,200 0,200 0,240 -200,240 -200,0\"/>\r\n  </object>\r\n  <object id=\"259\" name=\"floor\" x=\"0\" y=\"660\" width=\"1600\" height=\"140\"/>\r\n  <object id=\"263\" name=\"jian\" x=\"480\" y=\"640\" width=\"980\" height=\"20\"/>\r\n </objectgroup>\r\n</map>\r\n",
  "textures": [],
  "textureNames": [],
  "tsxFiles": [],
  "tsxFileNames": []
}