{
  "__type__": "cc.JsonAsset",
  "_name": "guanka103",
  "_objFlags": 0,
  "_native": "",
  "json": [
    {
      "position": {
        "x": 416.6202697753906,
        "y": 210.58685302734375
      },
      "point": [
        {
          "x": -20.76985695900075,
          "y": -22.36747195176952
        },
        {
          "x": -41.5397139180015,
          "y": -46.17494390353904
        },
        {
          "x": -62.30957087700226,
          "y": -71.42241585530857
        },
        {
          "x": -83.079427836003,
          "y": -98.10988780707808
        },
        {
          "x": -103.84928479500375,
          "y": -126.23735975884759
        },
        {
          "x": -124.61914175400452,
          "y": -155.80483171061712
        },
        {
          "x": -145.38899871300526,
          "y": -186.81230366238665
        },
        {
          "x": -166.158855672006,
          "y": -219.25977561415615
        },
        {
          "x": -186.92871263100676,
          "y": -253.14724756592568
        },
        {
          "x": -207.6985695900075,
          "y": -288.47471951769523
        },
        {
          "x": -228.46842654900826,
          "y": -325.24219146946473
        },
        {
          "x": -249.23828350800903,
          "y": -363.4496634212342
        },
        {
          "x": -270.00814046700975,
          "y": -403.09713537300377
        },
        {
          "x": -290.77799742601053,
          "y": -444.18460732477325
        },
        {
          "x": -311.54785438501125,
          "y": -486.71207927654285
        },
        {
          "x": -332.317711344012,
          "y": -530.6795512283123
        },
        {
          "x": -353.0875683030128,
          "y": -576.0870231800818
        },
        {
          "x": -373.8574252620135,
          "y": -622.9344951318513
        },
        {
          "x": -394.6272822210143,
          "y": -671.2219670836208
        }
      ]
    },
    {
      "position": {
        "x": 634.4085083007812,
        "y": 290.6215515136719
      },
      "point": [
        {
          "x": 9.81325301041722,
          "y": 27.629604324461695
        },
        {
          "x": 19.62650602083444,
          "y": 53.819208648923386
        },
        {
          "x": 29.43975903125166,
          "y": 78.56881297338508
        },
        {
          "x": 39.25301204166888,
          "y": 101.87841729784678
        },
        {
          "x": 49.0662650520861,
          "y": 123.74802162230847
        },
        {
          "x": 58.87951806250332,
          "y": 144.17762594677015
        },
        {
          "x": 68.69277107292055,
          "y": 163.16723027123186
        },
        {
          "x": 78.50602408333776,
          "y": 180.71683459569357
        },
        {
          "x": 88.31927709375498,
          "y": 196.82643892015525
        },
        {
          "x": 98.1325301041722,
          "y": 211.49604324461694
        },
        {
          "x": 107.94578311458943,
          "y": 224.72564756907866
        },
        {
          "x": 117.75903612500665,
          "y": 236.51525189354032
        },
        {
          "x": 127.57228913542386,
          "y": 246.86485621800205
        },
        {
          "x": 137.3855421458411,
          "y": 255.77446054246374
        },
        {
          "x": 147.1987951562583,
          "y": 263.2440648669254
        },
        {
          "x": 157.01204816667553,
          "y": 269.2736691913871
        },
        {
          "x": 166.82530117709274,
          "y": 273.86327351584885
        },
        {
          "x": 176.63855418750995,
          "y": 277.0128778403105
        },
        {
          "x": 186.4518071979272,
          "y": 278.7224821647722
        }
      ]
    }
  ]
}