{
  "__type__": "cc.AnimationClip",
  "_name": "guankashow",
  "_objFlags": 0,
  "_rawFiles": null,
  "_duration": 0.25,
  "sample": 60,
  "speed": 1,
  "wrapMode": 1,
  "curveData": {
    "props": {
      "scale": [
        {
          "frame": 0,
          "value": {
            "__type__": "cc.Vec2",
            "x": 0,
            "y": 0
          }
        },
        {
          "frame": 0.25,
          "value": {
            "__type__": "cc.Vec2",
            "x": 1,
            "y": 1
          }
        }
      ]
    }
  },
  "events": [
    {
      "frame": 0,
      "func": "",
      "params": []
    },
    {
      "frame": 0,
      "func": "",
      "params": []
    },
    {
      "frame": 0,
      "func": "",
      "params": []
    }
  ]
}