{
  "__type__": "cc.TiledMapAsset",
  "_name": "guan22",
  "_objFlags": 0,
  "_native": "",
  "tmxXmlStr": "<?xml version=\"1.0\" encoding=\"UTF-8\"?>\r\n<map version=\"1.0\" tiledversion=\"1.1.3\" orientation=\"orthogonal\" renderorder=\"right-down\" width=\"80\" height=\"40\" tilewidth=\"20\" tileheight=\"20\" infinite=\"0\" nextobjectid=\"226\">\r\n <objectgroup name=\"duixiang\">\r\n  <object id=\"128\" name=\"hero\" x=\"140\" y=\"640\" width=\"60\" height=\"60\"/>\r\n  <object id=\"129\" name=\"star\" x=\"1460\" y=\"640\" width=\"60\" height=\"60\"/>\r\n  <object id=\"135\" name=\"map\" type=\"2\" x=\"220\" y=\"220\">\r\n   <properties>\r\n    <property name=\"caidan\" type=\"bool\" value=\"false\"/>\r\n    <property name=\"step1\" type=\"int\" value=\"5\"/>\r\n    <property name=\"step2\" type=\"int\" value=\"5\"/>\r\n    <property name=\"step3\" type=\"int\" value=\"5\"/>\r\n   </properties>\r\n  </object>\r\n  <object id=\"209\" name=\"floor\" x=\"0\" y=\"700\" width=\"1600\" height=\"60\"/>\r\n  <object id=\"221\" name=\"objdy\" x=\"560\" y=\"580\">\r\n   <polygon points=\"0,0 -40,40 -40,80 0,120 40,120 80,80 80,40 40,0\"/>\r\n  </object>\r\n  <object id=\"222\" name=\"objdy\" x=\"880\" y=\"300\">\r\n   <polygon points=\"0,0 80,-80 280,-120 120,20\"/>\r\n  </object>\r\n  <object id=\"223\" name=\"floor\" x=\"900\" y=\"360\" width=\"40\" height=\"340\"/>\r\n  <object id=\"224\" name=\"floor\" x=\"1100\" y=\"360\" width=\"40\" height=\"340\"/>\r\n  <object id=\"225\" name=\"juqing\" type=\"juqing\" x=\"1460\" y=\"640\" width=\"60\" height=\"60\">\r\n   <properties>\r\n    <property name=\"tiaojian\" value=\"{&quot;time&quot;:1.1}\"/>\r\n    <property name=\"type\" value=\"[{&quot;time&quot;:4,&quot;timescale&quot;:0.1,&quot;moshi&quot;:1,&quot;scale&quot;:0.5,&quot;mubiao&quot;:1,&quot;anim1&quot;:1,&quot;anim2&quot;:0}, {&quot;time&quot;:3,&quot;timescale&quot;:0.15,&quot;moshi&quot;:1,&quot;scale&quot;:1,&quot;mubiao&quot;:0,&quot;anim1&quot;:1,&quot;anim2&quot;:1}]\"/>\r\n    <property name=\"yinyue\" value=\"pingfan\"/>\r\n   </properties>\r\n  </object>\r\n </objectgroup>\r\n</map>\r\n",
  "textures": [],
  "textureNames": [],
  "tsxFiles": [],
  "tsxFileNames": []
}