{
  "__type__": "cc.TiledMapAsset",
  "_name": "guan24",
  "_objFlags": 0,
  "_native": "",
  "tmxXmlStr": "<?xml version=\"1.0\" encoding=\"UTF-8\"?>\r\n<map version=\"1.0\" tiledversion=\"1.1.3\" orientation=\"orthogonal\" renderorder=\"right-down\" width=\"95\" height=\"60\" tilewidth=\"20\" tileheight=\"20\" infinite=\"0\" nextobjectid=\"170\">\r\n <objectgroup name=\"duixiang\">\r\n  <object id=\"128\" name=\"hero\" x=\"200\" y=\"900\" width=\"60\" height=\"60\"/>\r\n  <object id=\"129\" name=\"star\" x=\"1580\" y=\"660\" width=\"60\" height=\"60\"/>\r\n  <object id=\"135\" name=\"map\" type=\"2\" x=\"220\" y=\"620\">\r\n   <properties>\r\n    <property name=\"caidan\" type=\"bool\" value=\"true\"/>\r\n    <property name=\"step1\" type=\"int\" value=\"6\"/>\r\n    <property name=\"step2\" type=\"int\" value=\"5\"/>\r\n    <property name=\"step3\" type=\"int\" value=\"5\"/>\r\n   </properties>\r\n  </object>\r\n  <object id=\"156\" name=\"floordy\" x=\"700\" y=\"700\" width=\"52\" height=\"300\"/>\r\n  <object id=\"158\" name=\"objst\" x=\"0\" y=\"1000\">\r\n   <polygon points=\"0,0 880,0 880,200 0,200\"/>\r\n  </object>\r\n  <object id=\"161\" name=\"objst\" x=\"960\" y=\"1200\">\r\n   <polygon points=\"0,0 0,-100 540,-460 760,-460 760,0\"/>\r\n  </object>\r\n  <object id=\"162\" name=\"chuan\" type=\"1\" x=\"60\" y=\"420\" width=\"300\" height=\"20\">\r\n   <properties>\r\n    <property name=\"x1\" type=\"int\" value=\"500\"/>\r\n    <property name=\"y1\" type=\"int\" value=\"0\"/>\r\n   </properties>\r\n  </object>\r\n  <object id=\"163\" name=\"zhan\" type=\"1\" x=\"80\" y=\"60\" width=\"120\" height=\"120\">\r\n   <properties>\r\n    <property name=\"x1\" type=\"int\" value=\"1200\"/>\r\n    <property name=\"y1\" type=\"int\" value=\"0\"/>\r\n   </properties>\r\n  </object>\r\n  <object id=\"164\" name=\"floor\" x=\"1660\" y=\"200\" width=\"120\" height=\"20\"/>\r\n  <object id=\"165\" name=\"floor\" x=\"1780\" y=\"40\" width=\"20\" height=\"180\"/>\r\n  <object id=\"166\" name=\"caidan\" x=\"1700\" y=\"140\" width=\"60\" height=\"60\"/>\r\n  <object id=\"169\" name=\"juqing\" type=\"juqing\" x=\"1640\" y=\"20\" width=\"100\" height=\"80\">\r\n   <properties>\r\n    <property name=\"tiaojian\" value=\"{&quot;getcaidan&quot;:true}\"/>\r\n    <property name=\"type\" value=\"[{&quot;time&quot;:0.2,&quot;timescale&quot;:1,&quot;moshi&quot;:0,&quot;scale&quot;:1,&quot;mubiao&quot;:0,&quot;anim1&quot;:0,&quot;anim2&quot;:0}]\"/>\r\n    <property name=\"yinyue\" value=\"qilongzhu\"/>\r\n   </properties>\r\n  </object>\r\n </objectgroup>\r\n</map>\r\n",
  "textures": [],
  "textureNames": [],
  "tsxFiles": [],
  "tsxFileNames": []
}