{
  "__type__": "cc.TiledMapAsset",
  "_name": "guan82",
  "_objFlags": 0,
  "_native": "",
  "tmxXmlStr": "<?xml version=\"1.0\" encoding=\"UTF-8\"?>\r\n<map version=\"1.0\" tiledversion=\"1.1.3\" orientation=\"orthogonal\" renderorder=\"right-down\" width=\"120\" height=\"80\" tilewidth=\"20\" tileheight=\"20\" infinite=\"0\" nextobjectid=\"246\">\r\n <objectgroup name=\"duixiang\">\r\n  <object id=\"128\" name=\"hero\" x=\"220\" y=\"1500\" width=\"60\" height=\"60\"/>\r\n  <object id=\"129\" name=\"star\" x=\"2060\" y=\"1060\" width=\"60\" height=\"60\"/>\r\n  <object id=\"135\" name=\"map\" type=\"2\" x=\"400\" y=\"720\">\r\n   <properties>\r\n    <property name=\"caidan\" type=\"bool\" value=\"false\"/>\r\n    <property name=\"help\" type=\"bool\" value=\"false\"/>\r\n    <property name=\"step1\" type=\"int\" value=\"9\"/>\r\n    <property name=\"step2\" type=\"int\" value=\"5\"/>\r\n    <property name=\"step3\" type=\"int\" value=\"4\"/>\r\n   </properties>\r\n  </object>\r\n  <object id=\"232\" name=\"chuan\" x=\"2020\" y=\"1120\" width=\"180\" height=\"20\"/>\r\n  <object id=\"236\" name=\"objst\" x=\"200\" y=\"760\">\r\n   <polygon points=\"0,0 0,520 820,520 40,0\"/>\r\n  </object>\r\n  <object id=\"237\" name=\"yuandy\" x=\"80\" y=\"460\" width=\"300\" height=\"300\">\r\n   <ellipse/>\r\n  </object>\r\n  <object id=\"238\" name=\"floordy\" x=\"60\" y=\"80\" width=\"20\" height=\"1480\"/>\r\n  <object id=\"239\" name=\"floor\" x=\"0\" y=\"1560\" width=\"2400\" height=\"40\"/>\r\n  <object id=\"241\" name=\"floor\" x=\"1480\" y=\"1500\" width=\"60\" height=\"60\"/>\r\n  <object id=\"242\" name=\"floordy\" x=\"1100\" y=\"1480\" width=\"900\" height=\"20\"/>\r\n  <object id=\"243\" name=\"floor\" x=\"40\" y=\"1080\" width=\"20\" height=\"20\"/>\r\n  <object id=\"244\" name=\"floor\" x=\"1640\" y=\"1500\" width=\"60\" height=\"60\"/>\r\n  <object id=\"245\" name=\"juqing\" type=\"juqing\" x=\"2260\" y=\"1060\" width=\"60\" height=\"60\">\r\n   <properties>\r\n    <property name=\"tiaojian\" value=\"{&quot;girldie&quot;:true}\"/>\r\n    <property name=\"type\" value=\"[{&quot;time&quot;:5,&quot;timescale&quot;:0.08,&quot;moshi&quot;:1,&quot;scale&quot;:0.3,&quot;mubiao&quot;:1,&quot;anim1&quot;:0,&quot;anim2&quot;:0}, {&quot;time&quot;:4,&quot;timescale&quot;:0.08,&quot;moshi&quot;:1,&quot;scale&quot;:2,&quot;mubiao&quot;:0,&quot;anim1&quot;:0,&quot;anim2&quot;:0}]\"/>\r\n    <property name=\"yinyue\" value=\"meidejiu\"/>\r\n   </properties>\r\n  </object>\r\n </objectgroup>\r\n</map>\r\n",
  "textures": [],
  "textureNames": [],
  "tsxFiles": [],
  "tsxFileNames": []
}