{
  "__type__": "cc.TiledMapAsset",
  "_name": "guan116",
  "_objFlags": 0,
  "_native": "",
  "tmxXmlStr": "<?xml version=\"1.0\" encoding=\"UTF-8\"?>\r\n<map version=\"1.0\" tiledversion=\"1.1.3\" orientation=\"orthogonal\" renderorder=\"right-down\" width=\"80\" height=\"40\" tilewidth=\"20\" tileheight=\"20\" infinite=\"0\" nextobjectid=\"217\">\r\n <objectgroup name=\"duixiang\">\r\n  <object id=\"128\" name=\"hero\" x=\"120\" y=\"720\" width=\"60\" height=\"60\"/>\r\n  <object id=\"129\" name=\"star\" x=\"1480\" y=\"720\" width=\"60\" height=\"60\"/>\r\n  <object id=\"135\" name=\"map\" type=\"2\" x=\"420\" y=\"40\">\r\n   <properties>\r\n    <property name=\"caidan\" type=\"bool\" value=\"false\"/>\r\n    <property name=\"help\" type=\"bool\" value=\"false\"/>\r\n    <property name=\"step1\" type=\"int\" value=\"6\"/>\r\n    <property name=\"step2\" type=\"int\" value=\"5\"/>\r\n    <property name=\"step3\" type=\"int\" value=\"4\"/>\r\n   </properties>\r\n  </object>\r\n  <object id=\"200\" name=\"floor\" x=\"0\" y=\"780\" width=\"700\" height=\"20\"/>\r\n  <object id=\"210\" name=\"floor\" x=\"1480\" y=\"780\" width=\"100\" height=\"20\"/>\r\n  <object id=\"212\" name=\"floor\" x=\"0\" y=\"780\" width=\"700\" height=\"20\"/>\r\n  <object id=\"214\" name=\"objdy\" x=\"400\" y=\"660\">\r\n   <polygon points=\"0,0 0,120 160,120 160,0 60,0 60,20 140,20 140,100 20,100 20,0\"/>\r\n  </object>\r\n  <object id=\"215\" name=\"yuandy\" x=\"460\" y=\"680\" width=\"79\" height=\"79\">\r\n   <ellipse/>\r\n  </object>\r\n  <object id=\"216\" name=\"juqing\" type=\"juqing\" x=\"1480\" y=\"700\" width=\"100\" height=\"80\">\r\n   <properties>\r\n    <property name=\"tiaojian\" value=\"{&quot;time&quot;:1.1}\"/>\r\n    <property name=\"type\" value=\"[{&quot;time&quot;:4,&quot;timescale&quot;:0.1,&quot;moshi&quot;:1,&quot;scale&quot;:0.5,&quot;mubiao&quot;:1,&quot;anim1&quot;:1,&quot;anim2&quot;:0}, {&quot;time&quot;:3,&quot;timescale&quot;:0.15,&quot;moshi&quot;:1,&quot;scale&quot;:1,&quot;mubiao&quot;:0,&quot;anim1&quot;:1,&quot;anim2&quot;:1}]\"/>\r\n    <property name=\"yinyue\" value=\"pingfan\"/>\r\n   </properties>\r\n  </object>\r\n </objectgroup>\r\n</map>\r\n",
  "textures": [],
  "textureNames": [],
  "tsxFiles": [],
  "tsxFileNames": []
}