{
  "__type__": "cc.TiledMapAsset",
  "_name": "guan84",
  "_objFlags": 0,
  "_native": "",
  "tmxXmlStr": "<?xml version=\"1.0\" encoding=\"UTF-8\"?>\r\n<map version=\"1.0\" tiledversion=\"1.1.3\" orientation=\"orthogonal\" renderorder=\"right-down\" width=\"80\" height=\"80\" tilewidth=\"20\" tileheight=\"20\" infinite=\"0\" nextobjectid=\"225\">\r\n <objectgroup name=\"duixiang\">\r\n  <object id=\"128\" name=\"hero\" x=\"120\" y=\"1520\" width=\"60\" height=\"60\"/>\r\n  <object id=\"129\" name=\"star\" x=\"140\" y=\"940\" width=\"60\" height=\"60\"/>\r\n  <object id=\"135\" name=\"map\" type=\"2\" x=\"173\" y=\"925\">\r\n   <properties>\r\n    <property name=\"caidan\" type=\"bool\" value=\"false\"/>\r\n    <property name=\"step1\" type=\"int\" value=\"5\"/>\r\n    <property name=\"step2\" type=\"int\" value=\"5\"/>\r\n    <property name=\"step3\" type=\"int\" value=\"5\"/>\r\n   </properties>\r\n  </object>\r\n  <object id=\"209\" name=\"floor\" x=\"0\" y=\"1580\" width=\"1600\" height=\"20\"/>\r\n  <object id=\"219\" name=\"tanlizhangai\" x=\"240\" y=\"1560\" width=\"660\" height=\"20\"/>\r\n  <object id=\"220\" name=\"jian\" x=\"900\" y=\"1560\" width=\"500\" height=\"20\"/>\r\n  <object id=\"221\" name=\"floor\" x=\"980\" y=\"1360\" width=\"320\" height=\"20\"/>\r\n  <object id=\"222\" name=\"zhan\" x=\"640\" y=\"1140\" width=\"780\" height=\"20\"/>\r\n  <object id=\"223\" name=\"chuan\" x=\"0\" y=\"1000\" width=\"340\" height=\"20\"/>\r\n  <object id=\"224\" name=\"juqing\" type=\"juqing\" x=\"120\" y=\"920\" width=\"100\" height=\"80\">\r\n   <properties>\r\n    <property name=\"tiaojian\" value=\"{&quot;time&quot;:0.9}\"/>\r\n    <property name=\"type\" value=\"[{&quot;time&quot;:4,&quot;timescale&quot;:0.1,&quot;moshi&quot;:1,&quot;scale&quot;:0.5,&quot;mubiao&quot;:1,&quot;anim1&quot;:1,&quot;anim2&quot;:0}, {&quot;time&quot;:3,&quot;timescale&quot;:0.15,&quot;moshi&quot;:1,&quot;scale&quot;:1,&quot;mubiao&quot;:0,&quot;anim1&quot;:1,&quot;anim2&quot;:1}]\"/>\r\n    <property name=\"yinyue\" value=\"pingfan\"/>\r\n   </properties>\r\n  </object>\r\n </objectgroup>\r\n</map>\r\n",
  "textures": [],
  "textureNames": [],
  "tsxFiles": [],
  "tsxFileNames": []
}