{
  "__type__": "cc.JsonAsset",
  "_name": "guanka37",
  "_objFlags": 0,
  "_native": "",
  "json": [
    {
      "position": {
        "x": 518.0721435546875,
        "y": 1284.0272216796875
      },
      "point": [
        {
          "x": 4.37604464017428,
          "y": 21.433834807567106
        },
        {
          "x": 8.75208928034856,
          "y": 41.427669615134214
        },
        {
          "x": 13.12813392052284,
          "y": 59.98150442270132
        },
        {
          "x": 17.50417856069712,
          "y": 77.09533923026844
        },
        {
          "x": 21.8802232008714,
          "y": 92.76917403783554
        },
        {
          "x": 26.25626784104568,
          "y": 107.00300884540265
        },
        {
          "x": 30.632312481219962,
          "y": 119.79684365296976
        },
        {
          "x": 35.00835712139424,
          "y": 131.15067846053685
        },
        {
          "x": 39.38440176156852,
          "y": 141.06451326810398
        },
        {
          "x": 43.7604464017428,
          "y": 149.53834807567108
        },
        {
          "x": 48.13649104191708,
          "y": 156.57218288323818
        },
        {
          "x": 52.51253568209136,
          "y": 162.1660176908053
        },
        {
          "x": 56.88858032226564,
          "y": 166.3198524983724
        },
        {
          "x": 61.264624962439925,
          "y": 169.0336873059395
        },
        {
          "x": 65.6406696026142,
          "y": 170.30752211350662
        },
        {
          "x": 70.01671424278848,
          "y": 170.14135692107374
        },
        {
          "x": 74.39275888296277,
          "y": 168.53519172864083
        },
        {
          "x": 78.76880352313704,
          "y": 165.48902653620792
        },
        {
          "x": 83.14484816331132,
          "y": 161.00286134377507
        }
      ]
    }
  ]
}