{
  "__type__": "cc.TiledMapAsset",
  "_name": "guan4",
  "_objFlags": 0,
  "_native": "",
  "tmxXmlStr": "<?xml version=\"1.0\" encoding=\"UTF-8\"?>\r\n<map version=\"1.0\" tiledversion=\"1.1.3\" orientation=\"orthogonal\" renderorder=\"right-down\" width=\"80\" height=\"60\" tilewidth=\"20\" tileheight=\"20\" infinite=\"0\" nextobjectid=\"152\">\r\n <objectgroup name=\"duixiang\">\r\n  <object id=\"128\" name=\"hero\" x=\"180\" y=\"860\" width=\"60\" height=\"60\"/>\r\n  <object id=\"129\" name=\"star\" x=\"1280\" y=\"180\" width=\"60\" height=\"60\"/>\r\n  <object id=\"135\" name=\"map\" type=\"2\" x=\"220\" y=\"620\">\r\n   <properties>\r\n    <property name=\"caidan\" type=\"bool\" value=\"false\"/>\r\n    <property name=\"step1\" type=\"int\" value=\"8\"/>\r\n    <property name=\"step2\" type=\"int\" value=\"5\"/>\r\n    <property name=\"step3\" type=\"int\" value=\"5\"/>\r\n   </properties>\r\n  </object>\r\n  <object id=\"145\" name=\"floor\" type=\"1\" x=\"800\" y=\"600\" width=\"220\" height=\"20\">\r\n   <properties>\r\n    <property name=\"x1\" type=\"int\" value=\"0\"/>\r\n    <property name=\"y1\" type=\"int\" value=\"200\"/>\r\n   </properties>\r\n  </object>\r\n  <object id=\"146\" name=\"floor\" x=\"40\" y=\"920\" width=\"400\" height=\"40\"/>\r\n  <object id=\"147\" name=\"floor\" x=\"520\" y=\"720\" width=\"500\" height=\"40\"/>\r\n  <object id=\"148\" name=\"floor\" x=\"1280\" y=\"240\" width=\"280\" height=\"40\"/>\r\n  <object id=\"151\" name=\"juqing\" type=\"juqing\" x=\"1280\" y=\"160\" width=\"80\" height=\"80\">\r\n   <properties>\r\n    <property name=\"tiaojian\" value=\"{&quot;time&quot;:0.6}\"/>\r\n    <property name=\"type\" value=\"[{&quot;time&quot;:3,&quot;timescale&quot;:0.1,&quot;moshi&quot;:1,&quot;scale&quot;:0.5,&quot;mubiao&quot;:1,&quot;anim1&quot;:0,&quot;anim2&quot;:0}, {&quot;time&quot;:3,&quot;timescale&quot;:0.12,&quot;moshi&quot;:1,&quot;scale&quot;:1,&quot;mubiao&quot;:0,&quot;anim1&quot;:1,&quot;anim2&quot;:1}]\"/>\r\n    <property name=\"yinyue\" value=\"dengdaoni\"/>\r\n   </properties>\r\n  </object>\r\n </objectgroup>\r\n</map>\r\n",
  "textures": [],
  "textureNames": [],
  "tsxFiles": [],
  "tsxFileNames": []
}