{
  "__type__": "cc.TiledMapAsset",
  "_name": "guan119",
  "_objFlags": 0,
  "_native": "",
  "tmxXmlStr": "<?xml version=\"1.0\" encoding=\"UTF-8\"?>\r\n<map version=\"1.0\" tiledversion=\"1.1.3\" orientation=\"orthogonal\" renderorder=\"right-down\" width=\"150\" height=\"40\" tilewidth=\"20\" tileheight=\"20\" infinite=\"0\" nextobjectid=\"302\">\r\n <objectgroup name=\"duixiang\">\r\n  <object id=\"128\" name=\"hero\" x=\"140\" y=\"680\" width=\"60\" height=\"60\"/>\r\n  <object id=\"135\" name=\"map\" type=\"2\" x=\"40\" y=\"400\">\r\n   <properties>\r\n    <property name=\"caidan\" type=\"bool\" value=\"false\"/>\r\n    <property name=\"help\" type=\"bool\" value=\"false\"/>\r\n    <property name=\"step1\" type=\"int\" value=\"30\"/>\r\n    <property name=\"step2\" type=\"int\" value=\"10\"/>\r\n    <property name=\"step3\" type=\"int\" value=\"15\"/>\r\n   </properties>\r\n  </object>\r\n  <object id=\"274\" name=\"floor\" x=\"0\" y=\"740\" width=\"500\" height=\"60\"/>\r\n  <object id=\"285\" name=\"star\" x=\"2800\" y=\"100\" width=\"60\" height=\"60\"/>\r\n  <object id=\"286\" name=\"floor\" x=\"620\" y=\"160\" width=\"760\" height=\"20\"/>\r\n  <object id=\"287\" name=\"chuan\" x=\"280\" y=\"160\" width=\"340\" height=\"20\"/>\r\n  <object id=\"294\" name=\"floordy\" x=\"340\" y=\"440\" width=\"52\" height=\"300\"/>\r\n  <object id=\"295\" name=\"floordy\" x=\"620\" y=\"-240\" width=\"140\" height=\"400\"/>\r\n  <object id=\"296\" name=\"floor\" x=\"1300\" y=\"80\" width=\"80\" height=\"80\"/>\r\n  <object id=\"297\" name=\"tanlizhangai\" x=\"1640\" y=\"720\" width=\"460\" height=\"40\"/>\r\n  <object id=\"298\" name=\"floor\" x=\"2180\" y=\"160\" width=\"760\" height=\"20\"/>\r\n  <object id=\"299\" name=\"jian\" x=\"2680\" y=\"160\" width=\"260\" height=\"20\" rotation=\"-90\"/>\r\n  <object id=\"300\" name=\"jian\" x=\"2720\" y=\"-100\" width=\"260\" height=\"20\" rotation=\"90\"/>\r\n  <object id=\"301\" name=\"juqing\" type=\"juqing\" x=\"2780\" y=\"80\" width=\"100\" height=\"80\">\r\n   <properties>\r\n    <property name=\"tiaojian\" value=\"{&quot;time&quot;:1}\"/>\r\n    <property name=\"type\" value=\"[{&quot;time&quot;:4,&quot;timescale&quot;:0.1,&quot;moshi&quot;:1,&quot;scale&quot;:0.5,&quot;mubiao&quot;:1,&quot;anim1&quot;:1,&quot;anim2&quot;:0}, {&quot;time&quot;:3,&quot;timescale&quot;:0.15,&quot;moshi&quot;:1,&quot;scale&quot;:1,&quot;mubiao&quot;:0,&quot;anim1&quot;:1,&quot;anim2&quot;:1}]\"/>\r\n    <property name=\"yinyue\" value=\"pingfan\"/>\r\n   </properties>\r\n  </object>\r\n </objectgroup>\r\n</map>\r\n",
  "textures": [],
  "textureNames": [],
  "tsxFiles": [],
  "tsxFileNames": []
}