{
  "__type__": "cc.JsonAsset",
  "_name": "guanka27",
  "_objFlags": 0,
  "_native": "",
  "json": [
    {
      "position": {
        "x": 804.4100952148438,
        "y": 210.59637451171875
      },
      "point": [
        {
          "x": 19.776986436680037,
          "y": -23.27816498484249
        },
        {
          "x": 39.553972873360074,
          "y": -47.99632996968498
        },
        {
          "x": 59.330959310040114,
          "y": -74.15449495452748
        },
        {
          "x": 79.10794574672015,
          "y": -101.75265993936996
        },
        {
          "x": 98.88493218340018,
          "y": -130.79082492421244
        },
        {
          "x": 118.66191862008023,
          "y": -161.26898990905494
        },
        {
          "x": 138.43890505676026,
          "y": -193.1871548938974
        },
        {
          "x": 158.2158914934403,
          "y": -226.5453198787399
        },
        {
          "x": 177.99287793012033,
          "y": -261.3434848635824
        },
        {
          "x": 197.76986436680036,
          "y": -297.5816498484249
        },
        {
          "x": 217.5468508034804,
          "y": -335.25981483326734
        },
        {
          "x": 237.32383724016046,
          "y": -374.3779798181098
        },
        {
          "x": 257.1008236768405,
          "y": -414.93614480295236
        },
        {
          "x": 276.8778101135205,
          "y": -456.93430978779486
        },
        {
          "x": 296.65479655020056,
          "y": -500.37247477263736
        },
        {
          "x": 316.4317829868806,
          "y": -545.2506397574798
        },
        {
          "x": 336.2087694235606,
          "y": -591.5688047423223
        },
        {
          "x": 355.98575586024066,
          "y": -639.3269697271647
        },
        {
          "x": 375.7627422969207,
          "y": -688.5251347120072
        }
      ]
    },
    {
      "position": {
        "x": 1162.82421875,
        "y": 250.63795471191406
      },
      "point": [
        {
          "x": 5.213549824022737,
          "y": 28.823508563344884
        },
        {
          "x": 10.427099648045473,
          "y": 56.20701712668976
        },
        {
          "x": 15.64064947206821,
          "y": 82.15052569003464
        },
        {
          "x": 20.854199296090947,
          "y": 106.65403425337954
        },
        {
          "x": 26.06774912011368,
          "y": 129.7175428167244
        },
        {
          "x": 31.28129894413642,
          "y": 151.3410513800693
        },
        {
          "x": 36.49484876815916,
          "y": 171.52455994341418
        },
        {
          "x": 41.708398592181894,
          "y": 190.26806850675908
        },
        {
          "x": 46.92194841620463,
          "y": 207.57157707010396
        },
        {
          "x": 52.13549824022736,
          "y": 223.43508563344884
        },
        {
          "x": 57.349048064250105,
          "y": 237.85859419679372
        },
        {
          "x": 62.56259788827284,
          "y": 250.84210276013857
        },
        {
          "x": 67.77614771229558,
          "y": 262.3856113234835
        },
        {
          "x": 72.98969753631832,
          "y": 272.4891198868284
        },
        {
          "x": 78.20324736034105,
          "y": 281.1526284501732
        },
        {
          "x": 83.41679718436379,
          "y": 288.37613701351813
        },
        {
          "x": 88.63034700838652,
          "y": 294.15964557686306
        },
        {
          "x": 93.84389683240926,
          "y": 298.50315414020787
        },
        {
          "x": 99.05744665643199,
          "y": 301.4066627035528
        }
      ]
    }
  ]
}