{
  "__type__": "cc.TiledMapAsset",
  "_name": "guan93",
  "_objFlags": 0,
  "_native": "",
  "tmxXmlStr": "<?xml version=\"1.0\" encoding=\"UTF-8\"?>\r\n<map version=\"1.0\" tiledversion=\"1.1.3\" orientation=\"orthogonal\" renderorder=\"right-down\" width=\"80\" height=\"40\" tilewidth=\"20\" tileheight=\"20\" infinite=\"0\" nextobjectid=\"227\">\r\n <objectgroup name=\"duixiang\">\r\n  <object id=\"128\" name=\"hero\" x=\"80\" y=\"720\" width=\"60\" height=\"60\"/>\r\n  <object id=\"129\" name=\"star\" x=\"380\" y=\"155\" width=\"60\" height=\"60\"/>\r\n  <object id=\"135\" name=\"map\" type=\"2\" x=\"493\" y=\"140\">\r\n   <properties>\r\n    <property name=\"caidan\" type=\"bool\" value=\"false\"/>\r\n    <property name=\"step1\" type=\"int\" value=\"15\"/>\r\n    <property name=\"step2\" type=\"int\" value=\"10\"/>\r\n    <property name=\"step3\" type=\"int\" value=\"8\"/>\r\n   </properties>\r\n  </object>\r\n  <object id=\"209\" name=\"floor\" x=\"0\" y=\"780\" width=\"1600\" height=\"20\"/>\r\n  <object id=\"211\" name=\"juqing\" type=\"juqing\" x=\"520\" y=\"73\" width=\"100\" height=\"80\">\r\n   <properties>\r\n    <property name=\"tiaojian\" value=\"{&quot;girldie&quot;:true}\"/>\r\n    <property name=\"type\" value=\"[{&quot;time&quot;:4,&quot;timescale&quot;:0.1,&quot;moshi&quot;:1,&quot;scale&quot;:0.5,&quot;mubiao&quot;:1,&quot;anim1&quot;:0,&quot;anim2&quot;:0}, {&quot;time&quot;:3,&quot;timescale&quot;:0.15,&quot;moshi&quot;:1,&quot;scale&quot;:1,&quot;mubiao&quot;:0,&quot;anim1&quot;:0,&quot;anim2&quot;:0}]\"/>\r\n    <property name=\"yinyue\" value=\"butgirl\"/>\r\n   </properties>\r\n  </object>\r\n  <object id=\"220\" name=\"objst\" x=\"500\" y=\"780\">\r\n   <polygon points=\"0,0 460,-220 280,-220 280,-240 500,-240 740,-360 520,-360 980,-540 1100,-540 1100,0\"/>\r\n  </object>\r\n  <object id=\"222\" name=\"floordy\" x=\"600\" y=\"520\" width=\"400\" height=\"20\"/>\r\n  <object id=\"223\" name=\"chuan\" x=\"380\" y=\"215\" width=\"60\" height=\"20\"/>\r\n  <object id=\"225\" name=\"floordy\" x=\"960\" y=\"480\" width=\"40\" height=\"40\"/>\r\n </objectgroup>\r\n</map>\r\n",
  "textures": [],
  "textureNames": [],
  "tsxFiles": [],
  "tsxFileNames": []
}