{
  "__type__": "cc.JsonAsset",
  "_name": "guanka99",
  "_objFlags": 0,
  "_native": "",
  "json": [
    {
      "position": {
        "x": 60,
        "y": 230.15997314453125
      },
      "point": [
        {
          "x": 5.010608401947612,
          "y": 28.8586038115786
        },
        {
          "x": 10.021216803895223,
          "y": 56.277207623157196
        },
        {
          "x": 15.031825205842836,
          "y": 82.25581143473579
        },
        {
          "x": 20.042433607790446,
          "y": 106.7944152463144
        },
        {
          "x": 25.053042009738057,
          "y": 129.89301905789299
        },
        {
          "x": 30.06365041168567,
          "y": 151.5516228694716
        },
        {
          "x": 35.07425881363328,
          "y": 171.7702266810502
        },
        {
          "x": 40.08486721558089,
          "y": 190.5488304926288
        },
        {
          "x": 45.09547561752851,
          "y": 207.88743430420737
        },
        {
          "x": 50.106084019476114,
          "y": 223.786038115786
        },
        {
          "x": 55.11669242142373,
          "y": 238.24464192736463
        },
        {
          "x": 60.12730082337134,
          "y": 251.26324573894317
        },
        {
          "x": 65.13790922531895,
          "y": 262.8418495505218
        },
        {
          "x": 70.14851762726656,
          "y": 272.98045336210043
        },
        {
          "x": 75.15912602921418,
          "y": 281.679057173679
        },
        {
          "x": 80.16973443116179,
          "y": 288.9376609852576
        },
        {
          "x": 85.18034283310939,
          "y": 294.7562647968362
        },
        {
          "x": 90.19095123505701,
          "y": 299.13486860841476
        },
        {
          "x": 95.20155963700462,
          "y": 302.0734724199934
        }
      ]
    },
    {
      "position": {
        "x": 759.2855224609375,
        "y": 150.6876220703125
      },
      "point": [
        {
          "x": 20.843395557495906,
          "y": -22.2966740169508
        },
        {
          "x": 41.68679111499181,
          "y": -46.0333480339016
        },
        {
          "x": 62.530186672487716,
          "y": -71.2100220508524
        },
        {
          "x": 83.37358222998363,
          "y": -97.8266960678032
        },
        {
          "x": 104.21697778747954,
          "y": -125.883370084754
        },
        {
          "x": 125.06037334497543,
          "y": -155.3800441017048
        },
        {
          "x": 145.90376890247134,
          "y": -186.3167181186556
        },
        {
          "x": 166.74716445996725,
          "y": -218.6933921356064
        },
        {
          "x": 187.59056001746316,
          "y": -252.51006615255721
        },
        {
          "x": 208.43395557495907,
          "y": -287.766740169508
        },
        {
          "x": 229.27735113245498,
          "y": -324.4634141864588
        },
        {
          "x": 250.12074668995086,
          "y": -362.6000882034096
        },
        {
          "x": 270.9641422474468,
          "y": -402.1767622203604
        },
        {
          "x": 291.8075378049427,
          "y": -443.1934362373112
        },
        {
          "x": 312.6509333624386,
          "y": -485.650110254262
        },
        {
          "x": 333.4943289199345,
          "y": -529.5467842712128
        },
        {
          "x": 354.3377244774304,
          "y": -574.8834582881636
        },
        {
          "x": 375.1811200349263,
          "y": -621.6601323051143
        },
        {
          "x": 396.02451559242223,
          "y": -669.8768063220651
        }
      ]
    }
  ]
}