{
  "__type__": "cc.JsonAsset",
  "_name": "guanka60",
  "_objFlags": 0,
  "_native": "",
  "json": [
    {
      "position": {
        "x": 704.2220458984375,
        "y": 450.1599426269531
      },
      "point": [
        {
          "x": 12.739342065389385,
          "y": 26.44080197160975
        },
        {
          "x": 25.47868413077877,
          "y": 51.441603943219505
        },
        {
          "x": 38.218026196168154,
          "y": 75.00240591482927
        },
        {
          "x": 50.95736826155754,
          "y": 97.123207886439
        },
        {
          "x": 63.69671032694693,
          "y": 117.80400985804876
        },
        {
          "x": 76.43605239233631,
          "y": 137.04481182965853
        },
        {
          "x": 89.1753944577257,
          "y": 154.84561380126826
        },
        {
          "x": 101.91473652311508,
          "y": 171.20641577287802
        },
        {
          "x": 114.65407858850446,
          "y": 186.12721774448778
        },
        {
          "x": 127.39342065389386,
          "y": 199.60801971609752
        },
        {
          "x": 140.13276271928325,
          "y": 211.64882168770728
        },
        {
          "x": 152.87210478467262,
          "y": 222.24962365931702
        },
        {
          "x": 165.611446850062,
          "y": 231.4104256309268
        },
        {
          "x": 178.3507889154514,
          "y": 239.1312276025365
        },
        {
          "x": 191.09013098084077,
          "y": 245.4120295741463
        },
        {
          "x": 203.82947304623016,
          "y": 250.25283154575604
        },
        {
          "x": 216.56881511161956,
          "y": 253.65363351736582
        },
        {
          "x": 229.30815717700892,
          "y": 255.61443548897554
        },
        {
          "x": 242.04749924239832,
          "y": 256.1352374605853
        }
      ]
    }
  ]
}