{
  "__type__": "cc.TiledMapAsset",
  "_name": "guan-1",
  "_objFlags": 0,
  "_native": "",
  "tmxXmlStr": "<?xml version=\"1.0\" encoding=\"UTF-8\"?>\r\n<map version=\"1.0\" tiledversion=\"1.1.3\" orientation=\"orthogonal\" renderorder=\"right-down\" width=\"80\" height=\"32\" tilewidth=\"20\" tileheight=\"20\" infinite=\"0\" nextobjectid=\"164\">\r\n <objectgroup name=\"duixiang\">\r\n  <object id=\"122\" name=\"floor\" x=\"0\" y=\"620\" width=\"820\" height=\"20\"/>\r\n  <object id=\"128\" name=\"hero\" x=\"560\" y=\"-220\" width=\"60\" height=\"60\"/>\r\n  <object id=\"135\" name=\"map\" type=\"2\" x=\"220\" y=\"60\">\r\n   <properties>\r\n    <property name=\"caidan\" type=\"bool\" value=\"false\"/>\r\n    <property name=\"step1\" type=\"int\" value=\"4\"/>\r\n    <property name=\"step2\" type=\"int\" value=\"4\"/>\r\n    <property name=\"step3\" type=\"int\" value=\"5\"/>\r\n   </properties>\r\n  </object>\r\n  <object id=\"148\" name=\"star\" x=\"1480\" y=\"280\" width=\"60\" height=\"60\"/>\r\n  <object id=\"152\" name=\"yuanst\" x=\"560\" y=\"540\" width=\"60\" height=\"60\">\r\n   <ellipse/>\r\n  </object>\r\n  <object id=\"153\" name=\"yuandy\" x=\"720\" y=\"480\" width=\"60\" height=\"60\">\r\n   <ellipse/>\r\n  </object>\r\n  <object id=\"155\" name=\"floor\" x=\"540\" y=\"140\" width=\"120\" height=\"80\"/>\r\n  <object id=\"156\" name=\"floordy\" x=\"780\" y=\"140\" width=\"120\" height=\"80\"/>\r\n  <object id=\"157\" name=\"jian\" x=\"980\" y=\"160\" width=\"240\" height=\"20\"/>\r\n  <object id=\"158\" name=\"chuan\" x=\"1320\" y=\"160\" width=\"260\" height=\"20\"/>\r\n  <object id=\"160\" name=\"tanlizhangai\" x=\"980\" y=\"360\" width=\"240\" height=\"20\"/>\r\n  <object id=\"162\" name=\"zhan\" x=\"1220\" y=\"460\" width=\"120\" height=\"120\"/>\r\n  <object id=\"163\" name=\"floor\" x=\"960\" y=\"580\" width=\"620\" height=\"40\"/>\r\n </objectgroup>\r\n</map>\r\n",
  "textures": [],
  "textureNames": [],
  "tsxFiles": [],
  "tsxFileNames": []
}