{
  "__type__": "cc.JsonAsset",
  "_name": "guanka50",
  "_objFlags": 0,
  "_native": "",
  "json": [
    {
      "position": {
        "x": 456.5134582519531,
        "y": 800.8402709960938
      },
      "point": [
        {
          "x": -23.526533017631397,
          "y": 17.89457074902077
        },
        {
          "x": -47.053066035262795,
          "y": 34.34914149804154
        },
        {
          "x": -70.5795990528942,
          "y": 49.36371224706231
        },
        {
          "x": -94.10613207052559,
          "y": 62.938282996083075
        },
        {
          "x": -117.63266508815698,
          "y": 75.07285374510386
        },
        {
          "x": -141.1591981057884,
          "y": 85.76742449412461
        },
        {
          "x": -164.68573112341977,
          "y": 95.0219952431454
        },
        {
          "x": -188.21226414105118,
          "y": 102.83656599216616
        },
        {
          "x": -211.7387971586826,
          "y": 109.21113674118692
        },
        {
          "x": -235.26533017631397,
          "y": 114.1457074902077
        },
        {
          "x": -258.79186319394535,
          "y": 117.64027823922846
        },
        {
          "x": -282.3183962115768,
          "y": 119.69484898824922
        },
        {
          "x": -305.84492922920816,
          "y": 120.30941973727
        },
        {
          "x": -329.37146224683954,
          "y": 119.48399048629076
        },
        {
          "x": -352.897995264471,
          "y": 117.21856123531154
        },
        {
          "x": -376.42452828210236,
          "y": 113.51313198433232
        },
        {
          "x": -399.95106129973374,
          "y": 108.3677027333531
        },
        {
          "x": -423.4775943173652,
          "y": 101.78227348237385
        },
        {
          "x": -447.00412733499655,
          "y": 93.75684423139462
        }
      ]
    }
  ]
}