{
  "__type__": "cc.TiledMapAsset",
  "_name": "guan1",
  "_objFlags": 0,
  "_native": "",
  "tmxXmlStr": "<?xml version=\"1.0\" encoding=\"UTF-8\"?>\r\n<map version=\"1.0\" tiledversion=\"1.1.3\" orientation=\"orthogonal\" renderorder=\"right-down\" width=\"80\" height=\"32\" tilewidth=\"20\" tileheight=\"20\" infinite=\"0\" nextobjectid=\"141\">\r\n <objectgroup name=\"duixiang\">\r\n  <object id=\"122\" name=\"floor\" x=\"60\" y=\"620\" width=\"320\" height=\"20\"/>\r\n  <object id=\"126\" name=\"floor\" x=\"1240\" y=\"620\" width=\"260\" height=\"20\"/>\r\n  <object id=\"127\" name=\"floor\" x=\"500\" y=\"440\" width=\"180\" height=\"200\"/>\r\n  <object id=\"128\" name=\"hero\" x=\"260\" y=\"560\" width=\"60\" height=\"60\"/>\r\n  <object id=\"129\" name=\"star\" x=\"1340\" y=\"560\" width=\"60\" height=\"60\"/>\r\n  <object id=\"135\" name=\"map\" type=\"2\" x=\"220\" y=\"60\" width=\"40\" height=\"40\">\r\n   <properties>\r\n    <property name=\"caidan\" type=\"bool\" value=\"false\"/>\r\n    <property name=\"help\" type=\"bool\" value=\"false\"/>\r\n    <property name=\"step1\" type=\"int\" value=\"3\"/>\r\n    <property name=\"step2\" type=\"int\" value=\"4\"/>\r\n    <property name=\"step3\" type=\"int\" value=\"4\"/>\r\n   </properties>\r\n  </object>\r\n  <object id=\"138\" name=\"floor\" x=\"840\" y=\"280\" width=\"180\" height=\"360\"/>\r\n  <object id=\"140\" name=\"juqing\" type=\"juqing\" x=\"1320\" y=\"540\" width=\"100\" height=\"80\">\r\n   <properties>\r\n    <property name=\"tiaojian\" value=\"{&quot;time&quot;:1.1}\"/>\r\n    <property name=\"type\" value=\"[{&quot;time&quot;:4,&quot;timescale&quot;:0.1,&quot;moshi&quot;:1,&quot;scale&quot;:0.5,&quot;mubiao&quot;:1,&quot;anim1&quot;:1,&quot;anim2&quot;:0}, {&quot;time&quot;:3,&quot;timescale&quot;:0.15,&quot;moshi&quot;:1,&quot;scale&quot;:1,&quot;mubiao&quot;:0,&quot;anim1&quot;:1,&quot;anim2&quot;:1}]\"/>\r\n    <property name=\"yinyue\" value=\"pingfan\"/>\r\n   </properties>\r\n  </object>\r\n </objectgroup>\r\n</map>\r\n",
  "textures": [],
  "textureNames": [],
  "tsxFiles": [],
  "tsxFileNames": []
}